pricing.date,product.currency.code,close.price
2025-12-31T00:00:00Z,BTC-USD,87497.94
2025-12-30T00:00:00Z,BTC-USD,88397.5
2025-12-29T00:00:00Z,BTC-USD,87110.78
2025-12-28T00:00:00Z,BTC-USD,87877.29
2025-12-27T00:00:00Z,BTC-USD,87808
2025-12-26T00:00:00Z,BTC-USD,87296.01
2025-12-25T00:00:00Z,BTC-USD,87171.68
2025-12-24T00:00:00Z,BTC-USD,87609.03
2025-12-23T00:00:00Z,BTC-USD,87429.32
2025-12-22T00:00:00Z,BTC-USD,88556.77
2025-12-21T00:00:00Z,BTC-USD,88639.95
2025-12-20T00:00:00Z,BTC-USD,88324
2025-12-19T00:00:00Z,BTC-USD,88092.65
2025-12-18T00:00:00Z,BTC-USD,85460.02
2025-12-17T00:00:00Z,BTC-USD,86209.77
2025-12-16T00:00:00Z,BTC-USD,87854.01
2025-12-15T00:00:00Z,BTC-USD,86417.5
2025-12-14T00:00:00Z,BTC-USD,88171.61
2025-12-13T00:00:00Z,BTC-USD,90255.32
2025-12-12T00:00:00Z,BTC-USD,90278
2025-12-11T00:00:00Z,BTC-USD,92542
2025-12-10T00:00:00Z,BTC-USD,92035.99
2025-12-09T00:00:00Z,BTC-USD,92690
2025-12-08T00:00:00Z,BTC-USD,90653.86
2025-12-07T00:00:00Z,BTC-USD,90402.29
2025-12-06T00:00:00Z,BTC-USD,89267.97
2025-12-05T00:00:00Z,BTC-USD,89345.29
2025-12-04T00:00:00Z,BTC-USD,92093.54
2025-12-03T00:00:00Z,BTC-USD,93453.84
2025-12-02T00:00:00Z,BTC-USD,91308.05
2025-12-01T00:00:00Z,BTC-USD,86282.36
2025-11-30T00:00:00Z,BTC-USD,90369.51
2025-11-29T00:00:00Z,BTC-USD,90828.06
2025-11-28T00:00:00Z,BTC-USD,90902.7
2025-11-27T00:00:00Z,BTC-USD,91316.7
2025-11-26T00:00:00Z,BTC-USD,90468.84
2025-11-25T00:00:00Z,BTC-USD,87325.01
2025-11-24T00:00:00Z,BTC-USD,88266.2
2025-11-23T00:00:00Z,BTC-USD,86808.28
2025-11-22T00:00:00Z,BTC-USD,84684
2025-11-21T00:00:00Z,BTC-USD,85068.88
2025-11-20T00:00:00Z,BTC-USD,86536.88
2025-11-19T00:00:00Z,BTC-USD,91461.6
2025-11-18T00:00:00Z,BTC-USD,92914.46
2025-11-17T00:00:00Z,BTC-USD,92100.6
2025-11-16T00:00:00Z,BTC-USD,94183.97
2025-11-15T00:00:00Z,BTC-USD,95544.94
2025-11-14T00:00:00Z,BTC-USD,94503.96
2025-11-13T00:00:00Z,BTC-USD,99614.54
2025-11-12T00:00:00Z,BTC-USD,101639.01
2025-11-11T00:00:00Z,BTC-USD,103009.35
2025-11-10T00:00:00Z,BTC-USD,105979.38
2025-11-09T00:00:00Z,BTC-USD,104694.95
2025-11-08T00:00:00Z,BTC-USD,102285.57
2025-11-07T00:00:00Z,BTC-USD,103284.27
2025-11-06T00:00:00Z,BTC-USD,101290.5
2025-11-05T00:00:00Z,BTC-USD,103869
2025-11-04T00:00:00Z,BTC-USD,101468.15
2025-11-03T00:00:00Z,BTC-USD,106557.98
2025-11-02T00:00:00Z,BTC-USD,110536.01
2025-11-01T00:00:00Z,BTC-USD,110052.25
2025-10-31T00:00:00Z,BTC-USD,109555.27
2025-10-30T00:00:00Z,BTC-USD,108308.18
2025-10-29T00:00:00Z,BTC-USD,110032.13
2025-10-28T00:00:00Z,BTC-USD,112906.75
2025-10-27T00:00:00Z,BTC-USD,114087.06
2025-10-26T00:00:00Z,BTC-USD,114548.09
2025-10-25T00:00:00Z,BTC-USD,111666.21
2025-10-24T00:00:00Z,BTC-USD,111042.13
2025-10-23T00:00:00Z,BTC-USD,110116.03
2025-10-22T00:00:00Z,BTC-USD,107585.98
2025-10-21T00:00:00Z,BTC-USD,108362.27
2025-10-20T00:00:00Z,BTC-USD,110568.06
2025-10-19T00:00:00Z,BTC-USD,108676.78
2025-10-18T00:00:00Z,BTC-USD,107208.91
2025-10-17T00:00:00Z,BTC-USD,106463.3
2025-10-16T00:00:00Z,BTC-USD,108198
2025-10-15T00:00:00Z,BTC-USD,110804.12
2025-10-14T00:00:00Z,BTC-USD,113068
2025-10-13T00:00:00Z,BTC-USD,115274.03
2025-10-12T00:00:00Z,BTC-USD,115067.98
2025-10-11T00:00:00Z,BTC-USD,110768.89
2025-10-10T00:00:00Z,BTC-USD,112980.28
2025-10-09T00:00:00Z,BTC-USD,121714.51
2025-10-08T00:00:00Z,BTC-USD,123343.25
2025-10-07T00:00:00Z,BTC-USD,121393.95
2025-10-06T00:00:00Z,BTC-USD,124720.09
2025-10-05T00:00:00Z,BTC-USD,123520.79
2025-10-04T00:00:00Z,BTC-USD,122458.56
2025-10-03T00:00:00Z,BTC-USD,122318.4
2025-10-02T00:00:00Z,BTC-USD,120621.32
2025-10-01T00:00:00Z,BTC-USD,118659.97
2025-09-30T00:00:00Z,BTC-USD,114067.71
2025-09-29T00:00:00Z,BTC-USD,114365.07
2025-09-28T00:00:00Z,BTC-USD,112197.67
2025-09-27T00:00:00Z,BTC-USD,109681.16
2025-09-26T00:00:00Z,BTC-USD,109697.29
2025-09-25T00:00:00Z,BTC-USD,109035.72
2025-09-24T00:00:00Z,BTC-USD,113348.17
2025-09-23T00:00:00Z,BTC-USD,112017.21
2025-09-22T00:00:00Z,BTC-USD,112736.59
2025-09-21T00:00:00Z,BTC-USD,115282.27
2025-09-20T00:00:00Z,BTC-USD,115752.4
2025-09-19T00:00:00Z,BTC-USD,115690.55
2025-09-18T00:00:00Z,BTC-USD,117117.99
2025-09-17T00:00:00Z,BTC-USD,116484.4
2025-09-16T00:00:00Z,BTC-USD,116832.56
2025-09-15T00:00:00Z,BTC-USD,115381.08
2025-09-14T00:00:00Z,BTC-USD,115314.13
2025-09-13T00:00:00Z,BTC-USD,115968.35
2025-09-12T00:00:00Z,BTC-USD,116106.03
2025-09-11T00:00:00Z,BTC-USD,115540
2025-09-10T00:00:00Z,BTC-USD,113983.97
2025-09-09T00:00:00Z,BTC-USD,111549.32
2025-09-08T00:00:00Z,BTC-USD,112072.57
2025-09-07T00:00:00Z,BTC-USD,111129.61
2025-09-06T00:00:00Z,BTC-USD,110212.6
2025-09-05T00:00:00Z,BTC-USD,110670.02
2025-09-04T00:00:00Z,BTC-USD,110720.79
2025-09-03T00:00:00Z,BTC-USD,111756.41
2025-09-02T00:00:00Z,BTC-USD,111247.94
2025-09-01T00:00:00Z,BTC-USD,109240.55
2025-08-31T00:00:00Z,BTC-USD,108247.95
2025-08-30T00:00:00Z,BTC-USD,108827.93
2025-08-29T00:00:00Z,BTC-USD,108378.32
2025-08-28T00:00:00Z,BTC-USD,112574.85
2025-08-27T00:00:00Z,BTC-USD,111253.21
2025-08-26T00:00:00Z,BTC-USD,111788.01
2025-08-25T00:00:00Z,BTC-USD,110127.74
2025-08-24T00:00:00Z,BTC-USD,113478
2025-08-23T00:00:00Z,BTC-USD,115383.87
2025-08-22T00:00:00Z,BTC-USD,116908.68
2025-08-21T00:00:00Z,BTC-USD,112480.3
2025-08-20T00:00:00Z,BTC-USD,114276
2025-08-19T00:00:00Z,BTC-USD,112856.19
2025-08-18T00:00:00Z,BTC-USD,116286.76
2025-08-17T00:00:00Z,BTC-USD,117488.6
2025-08-16T00:00:00Z,BTC-USD,117455.68
2025-08-15T00:00:00Z,BTC-USD,117436.96
2025-08-14T00:00:00Z,BTC-USD,118389.79
2025-08-13T00:00:00Z,BTC-USD,123365.63
2025-08-12T00:00:00Z,BTC-USD,120113.18
2025-08-11T00:00:00Z,BTC-USD,118701.84
2025-08-10T00:00:00Z,BTC-USD,119309.37
2025-08-09T00:00:00Z,BTC-USD,116492.51
2025-08-08T00:00:00Z,BTC-USD,116683.79
2025-08-07T00:00:00Z,BTC-USD,117515.49
2025-08-06T00:00:00Z,BTC-USD,115028.83
2025-08-05T00:00:00Z,BTC-USD,114112.95
2025-08-04T00:00:00Z,BTC-USD,115051.85
2025-08-03T00:00:00Z,BTC-USD,114215.73
2025-08-02T00:00:00Z,BTC-USD,112542.74
2025-08-01T00:00:00Z,BTC-USD,113248.73
2025-07-31T00:00:00Z,BTC-USD,115761.13
2025-07-30T00:00:00Z,BTC-USD,117830.15
2025-07-29T00:00:00Z,BTC-USD,117933.39
2025-07-28T00:00:00Z,BTC-USD,118070.59
2025-07-27T00:00:00Z,BTC-USD,119465.52
2025-07-26T00:00:00Z,BTC-USD,117969.63
2025-07-25T00:00:00Z,BTC-USD,117633.27
2025-07-24T00:00:00Z,BTC-USD,118397.04
2025-07-23T00:00:00Z,BTC-USD,118810.44
2025-07-22T00:00:00Z,BTC-USD,120026.42
2025-07-21T00:00:00Z,BTC-USD,117428.79
2025-07-20T00:00:00Z,BTC-USD,117312.7
2025-07-19T00:00:00Z,BTC-USD,117914.17
2025-07-18T00:00:00Z,BTC-USD,118023.05
2025-07-17T00:00:00Z,BTC-USD,119273.69
2025-07-16T00:00:00Z,BTC-USD,118681.68
2025-07-15T00:00:00Z,BTC-USD,117781.64
2025-07-14T00:00:00Z,BTC-USD,119863.71
2025-07-13T00:00:00Z,BTC-USD,119130.81
2025-07-12T00:00:00Z,BTC-USD,117472.65
2025-07-11T00:00:00Z,BTC-USD,117582.16
2025-07-10T00:00:00Z,BTC-USD,116031.3
2025-07-09T00:00:00Z,BTC-USD,111282.85
2025-07-08T00:00:00Z,BTC-USD,108958.04
2025-07-07T00:00:00Z,BTC-USD,108269.84
2025-07-06T00:00:00Z,BTC-USD,109217.98
2025-07-05T00:00:00Z,BTC-USD,108246.65
2025-07-04T00:00:00Z,BTC-USD,108028.6
2025-07-03T00:00:00Z,BTC-USD,109628.83
2025-07-02T00:00:00Z,BTC-USD,108888.32
2025-07-01T00:00:00Z,BTC-USD,105711.78
2025-06-30T00:00:00Z,BTC-USD,107173.21
2025-06-29T00:00:00Z,BTC-USD,108386.44
2025-06-28T00:00:00Z,BTC-USD,107352.2
2025-06-27T00:00:00Z,BTC-USD,107113.38
2025-06-26T00:00:00Z,BTC-USD,107029.64
2025-06-25T00:00:00Z,BTC-USD,107400.22
2025-06-24T00:00:00Z,BTC-USD,106141
2025-06-23T00:00:00Z,BTC-USD,105419.39
2025-06-22T00:00:00Z,BTC-USD,100996.87
2025-06-21T00:00:00Z,BTC-USD,102160.03
2025-06-20T00:00:00Z,BTC-USD,103317.8
2025-06-19T00:00:00Z,BTC-USD,104671.9
2025-06-18T00:00:00Z,BTC-USD,104915.6
2025-06-17T00:00:00Z,BTC-USD,104590.44
2025-06-16T00:00:00Z,BTC-USD,106853.38
2025-06-15T00:00:00Z,BTC-USD,105599.25
2025-06-14T00:00:00Z,BTC-USD,105465.42
2025-06-13T00:00:00Z,BTC-USD,106118.7
2025-06-12T00:00:00Z,BTC-USD,105721.05
2025-06-11T00:00:00Z,BTC-USD,108669.37
2025-06-10T00:00:00Z,BTC-USD,110300.24
2025-06-09T00:00:00Z,BTC-USD,110301.15
2025-06-08T00:00:00Z,BTC-USD,105784.4
2025-06-07T00:00:00Z,BTC-USD,105619.02
2025-06-06T00:00:00Z,BTC-USD,104397.99
2025-06-05T00:00:00Z,BTC-USD,101570.2
2025-06-04T00:00:00Z,BTC-USD,104753.38
2025-06-03T00:00:00Z,BTC-USD,105447.82
2025-06-02T00:00:00Z,BTC-USD,105904.94
2025-06-01T00:00:00Z,BTC-USD,105697.94
2025-05-31T00:00:00Z,BTC-USD,104645.87
2025-05-30T00:00:00Z,BTC-USD,104033.26
2025-05-29T00:00:00Z,BTC-USD,105572.58
2025-05-28T00:00:00Z,BTC-USD,107819.29
2025-05-27T00:00:00Z,BTC-USD,108978.46
2025-05-26T00:00:00Z,BTC-USD,109464.32
2025-05-25T00:00:00Z,BTC-USD,109048.68
2025-05-24T00:00:00Z,BTC-USD,107794.01
2025-05-23T00:00:00Z,BTC-USD,107329.61
2025-05-22T00:00:00Z,BTC-USD,111722.53
2025-05-21T00:00:00Z,BTC-USD,109699.54
2025-05-20T00:00:00Z,BTC-USD,106883.24
2025-05-19T00:00:00Z,BTC-USD,105616.18
2025-05-18T00:00:00Z,BTC-USD,106473.46
2025-05-17T00:00:00Z,BTC-USD,103161.07
2025-05-16T00:00:00Z,BTC-USD,103500.03
2025-05-15T00:00:00Z,BTC-USD,103786.43
2025-05-14T00:00:00Z,BTC-USD,103545.38
2025-05-13T00:00:00Z,BTC-USD,104131.06
2025-05-12T00:00:00Z,BTC-USD,102800.21
2025-05-11T00:00:00Z,BTC-USD,104137.62
2025-05-10T00:00:00Z,BTC-USD,104821.19
2025-05-09T00:00:00Z,BTC-USD,102986.96
2025-05-08T00:00:00Z,BTC-USD,103253.49
2025-05-07T00:00:00Z,BTC-USD,97058.32
2025-05-06T00:00:00Z,BTC-USD,96839.17
2025-05-05T00:00:00Z,BTC-USD,94733.99
2025-05-04T00:00:00Z,BTC-USD,94272.55
2025-05-03T00:00:00Z,BTC-USD,95861.33
2025-05-02T00:00:00Z,BTC-USD,96929.81
2025-05-01T00:00:00Z,BTC-USD,96524.98
2025-04-30T00:00:00Z,BTC-USD,94182.54
2025-04-29T00:00:00Z,BTC-USD,94271.09
2025-04-28T00:00:00Z,BTC-USD,95042.57
2025-04-27T00:00:00Z,BTC-USD,93780.57
2025-04-26T00:00:00Z,BTC-USD,94666.64
2025-04-25T00:00:00Z,BTC-USD,94708.79
2025-04-24T00:00:00Z,BTC-USD,94021.96
2025-04-23T00:00:00Z,BTC-USD,93740.92
2025-04-22T00:00:00Z,BTC-USD,93489.1
2025-04-21T00:00:00Z,BTC-USD,87522.07
2025-04-20T00:00:00Z,BTC-USD,85177.34
2025-04-19T00:00:00Z,BTC-USD,85074.99
2025-04-18T00:00:00Z,BTC-USD,84466.47
2025-04-17T00:00:00Z,BTC-USD,84961.97
2025-04-16T00:00:00Z,BTC-USD,84028.72
2025-04-15T00:00:00Z,BTC-USD,83629.78
2025-04-14T00:00:00Z,BTC-USD,84590.36
2025-04-13T00:00:00Z,BTC-USD,83733.07
2025-04-12T00:00:00Z,BTC-USD,85271.01
2025-04-11T00:00:00Z,BTC-USD,83380.47
2025-04-10T00:00:00Z,BTC-USD,79552.34
2025-04-09T00:00:00Z,BTC-USD,82594.75
2025-04-08T00:00:00Z,BTC-USD,76251.64
2025-04-07T00:00:00Z,BTC-USD,79140.01
2025-04-06T00:00:00Z,BTC-USD,78370.75
2025-04-05T00:00:00Z,BTC-USD,83498.25
2025-04-04T00:00:00Z,BTC-USD,83860.16
2025-04-03T00:00:00Z,BTC-USD,83174.33
2025-04-02T00:00:00Z,BTC-USD,82490.08
2025-04-01T00:00:00Z,BTC-USD,85170.37
2025-03-31T00:00:00Z,BTC-USD,82534.32
2025-03-30T00:00:00Z,BTC-USD,82379.98
2025-03-29T00:00:00Z,BTC-USD,82616.83
2025-03-28T00:00:00Z,BTC-USD,84381.8
2025-03-27T00:00:00Z,BTC-USD,87217.48
2025-03-26T00:00:00Z,BTC-USD,86926.01
2025-03-25T00:00:00Z,BTC-USD,87427.88
2025-03-24T00:00:00Z,BTC-USD,87523.62
2025-03-23T00:00:00Z,BTC-USD,86092.94
2025-03-22T00:00:00Z,BTC-USD,83852.03
2025-03-21T00:00:00Z,BTC-USD,84061.96
2025-03-20T00:00:00Z,BTC-USD,84183.42
2025-03-19T00:00:00Z,BTC-USD,86877.96
2025-03-18T00:00:00Z,BTC-USD,82698.76
2025-03-17T00:00:00Z,BTC-USD,84011.4
2025-03-16T00:00:00Z,BTC-USD,82562.57
2025-03-15T00:00:00Z,BTC-USD,84351.46
2025-03-14T00:00:00Z,BTC-USD,83980.49
2025-03-13T00:00:00Z,BTC-USD,81073.43
2025-03-12T00:00:00Z,BTC-USD,83659.43
2025-03-11T00:00:00Z,BTC-USD,82914.51
2025-03-10T00:00:00Z,BTC-USD,78544.71
2025-03-09T00:00:00Z,BTC-USD,80699.17
2025-03-08T00:00:00Z,BTC-USD,86206.69
2025-03-07T00:00:00Z,BTC-USD,86756.98
2025-03-06T00:00:00Z,BTC-USD,89921.85
2025-03-05T00:00:00Z,BTC-USD,90603.73
2025-03-04T00:00:00Z,BTC-USD,87249.96
2025-03-03T00:00:00Z,BTC-USD,86161.1
2025-03-02T00:00:00Z,BTC-USD,94265.48
2025-03-01T00:00:00Z,BTC-USD,86018.76
2025-02-28T00:00:00Z,BTC-USD,84297.73
2025-02-27T00:00:00Z,BTC-USD,84625.19
2025-02-26T00:00:00Z,BTC-USD,84111.78
2025-02-25T00:00:00Z,BTC-USD,88583.74
2025-02-24T00:00:00Z,BTC-USD,91510.82
2025-02-23T00:00:00Z,BTC-USD,96265.98
2025-02-22T00:00:00Z,BTC-USD,96582.12
2025-02-21T00:00:00Z,BTC-USD,96157.03
2025-02-20T00:00:00Z,BTC-USD,98347.2
2025-02-19T00:00:00Z,BTC-USD,96632.03
2025-02-18T00:00:00Z,BTC-USD,95607.4
2025-02-17T00:00:00Z,BTC-USD,95781.8
2025-02-16T00:00:00Z,BTC-USD,96119.88
2025-02-15T00:00:00Z,BTC-USD,97596.94
2025-02-14T00:00:00Z,BTC-USD,97509.03
2025-02-13T00:00:00Z,BTC-USD,96625.29
2025-02-12T00:00:00Z,BTC-USD,97862.53
2025-02-11T00:00:00Z,BTC-USD,95774.08
2025-02-10T00:00:00Z,BTC-USD,97444.41
2025-02-09T00:00:00Z,BTC-USD,96475.82
2025-02-08T00:00:00Z,BTC-USD,96476.25
2025-02-07T00:00:00Z,BTC-USD,96537.08
2025-02-06T00:00:00Z,BTC-USD,96564.62
2025-02-05T00:00:00Z,BTC-USD,96638.33
2025-02-04T00:00:00Z,BTC-USD,97795.05
2025-02-03T00:00:00Z,BTC-USD,101460.2
2025-02-02T00:00:00Z,BTC-USD,97676.52
2025-02-01T00:00:00Z,BTC-USD,100623.85
2025-01-31T00:00:00Z,BTC-USD,102411.26
2025-01-30T00:00:00Z,BTC-USD,104742.64
2025-01-29T00:00:00Z,BTC-USD,103747.25
2025-01-28T00:00:00Z,BTC-USD,101290
2025-01-27T00:00:00Z,BTC-USD,102062.42
2025-01-26T00:00:00Z,BTC-USD,102563
2025-01-25T00:00:00Z,BTC-USD,104733.56
2025-01-24T00:00:00Z,BTC-USD,104850.27
2025-01-23T00:00:00Z,BTC-USD,103926.36
2025-01-22T00:00:00Z,BTC-USD,103667.11
2025-01-21T00:00:00Z,BTC-USD,106159.26
2025-01-20T00:00:00Z,BTC-USD,102145.43
2025-01-19T00:00:00Z,BTC-USD,101211.13
2025-01-18T00:00:00Z,BTC-USD,104435
2025-01-17T00:00:00Z,BTC-USD,104107
2025-01-16T00:00:00Z,BTC-USD,99981.78
2025-01-15T00:00:00Z,BTC-USD,100510.23
2025-01-14T00:00:00Z,BTC-USD,96534.96
2025-01-13T00:00:00Z,BTC-USD,94506.45
2025-01-12T00:00:00Z,BTC-USD,94509.62
2025-01-11T00:00:00Z,BTC-USD,94565.02
2025-01-10T00:00:00Z,BTC-USD,94701.18
2025-01-09T00:00:00Z,BTC-USD,92547.44
2025-01-08T00:00:00Z,BTC-USD,95036.63
2025-01-07T00:00:00Z,BTC-USD,96941.98
2025-01-06T00:00:00Z,BTC-USD,102279.41
2025-01-05T00:00:00Z,BTC-USD,98345.33
2025-01-04T00:00:00Z,BTC-USD,98209.85
2025-01-03T00:00:00Z,BTC-USD,98136.51
2025-01-02T00:00:00Z,BTC-USD,96903.19
2025-01-01T00:00:00Z,BTC-USD,94383.59
2024-12-31T00:00:00Z,BTC-USD,93354.22
2024-12-30T00:00:00Z,BTC-USD,92620.71
2024-12-29T00:00:00Z,BTC-USD,93563.35
2024-12-28T00:00:00Z,BTC-USD,95130.82
2024-12-27T00:00:00Z,BTC-USD,94171.89
2024-12-26T00:00:00Z,BTC-USD,95669.49
2024-12-25T00:00:00Z,BTC-USD,99346.28
2024-12-24T00:00:00Z,BTC-USD,98594.47
2024-12-23T00:00:00Z,BTC-USD,94764.56
2024-12-22T00:00:00Z,BTC-USD,95087.75
2024-12-21T00:00:00Z,BTC-USD,97230.08
2024-12-20T00:00:00Z,BTC-USD,97765
2024-12-19T00:00:00Z,BTC-USD,97372.21
2024-12-18T00:00:00Z,BTC-USD,100150.73
2024-12-17T00:00:00Z,BTC-USD,106136.99
2024-12-16T00:00:00Z,BTC-USD,106099.81
2024-12-15T00:00:00Z,BTC-USD,104447.76
2024-12-14T00:00:00Z,BTC-USD,101399.99
2024-12-13T00:00:00Z,BTC-USD,101428.75
2024-12-12T00:00:00Z,BTC-USD,100030.47
2024-12-11T00:00:00Z,BTC-USD,101202.11
2024-12-10T00:00:00Z,BTC-USD,96660.76
2024-12-09T00:00:00Z,BTC-USD,97324.81
2024-12-08T00:00:00Z,BTC-USD,101174.99
2024-12-07T00:00:00Z,BTC-USD,99929.32
2024-12-06T00:00:00Z,BTC-USD,99891.35
2024-12-05T00:00:00Z,BTC-USD,97044.23
2024-12-04T00:00:00Z,BTC-USD,98746.24
2024-12-03T00:00:00Z,BTC-USD,95924.52
2024-12-02T00:00:00Z,BTC-USD,95862.89
2024-12-01T00:00:00Z,BTC-USD,97263.18
2024-11-30T00:00:00Z,BTC-USD,96465.42
2024-11-29T00:00:00Z,BTC-USD,97490.56
2024-11-28T00:00:00Z,BTC-USD,95665.53
2024-11-27T00:00:00Z,BTC-USD,95951.19
2024-11-26T00:00:00Z,BTC-USD,91929.54
2024-11-25T00:00:00Z,BTC-USD,93000.01
2024-11-24T00:00:00Z,BTC-USD,98028.18
2024-11-23T00:00:00Z,BTC-USD,97778.77
2024-11-22T00:00:00Z,BTC-USD,99024.03
2024-11-21T00:00:00Z,BTC-USD,98439.09
2024-11-20T00:00:00Z,BTC-USD,94393.15
2024-11-19T00:00:00Z,BTC-USD,92435.89
2024-11-18T00:00:00Z,BTC-USD,90520.3
2024-11-17T00:00:00Z,BTC-USD,89886.69
2024-11-16T00:00:00Z,BTC-USD,90636.24
2024-11-15T00:00:00Z,BTC-USD,91058.36
2024-11-14T00:00:00Z,BTC-USD,87340.4
2024-11-13T00:00:00Z,BTC-USD,90493.82
2024-11-12T00:00:00Z,BTC-USD,88035.43
2024-11-11T00:00:00Z,BTC-USD,88770.73
2024-11-10T00:00:00Z,BTC-USD,80428.92
2024-11-09T00:00:00Z,BTC-USD,76716.06
2024-11-08T00:00:00Z,BTC-USD,76566.73
2024-11-07T00:00:00Z,BTC-USD,75920
2024-11-06T00:00:00Z,BTC-USD,75646.55
2024-11-05T00:00:00Z,BTC-USD,69380.73
2024-11-04T00:00:00Z,BTC-USD,67807.48
2024-11-03T00:00:00Z,BTC-USD,68738.18
2024-11-02T00:00:00Z,BTC-USD,69358.94
2024-11-01T00:00:00Z,BTC-USD,69467.29
2024-10-31T00:00:00Z,BTC-USD,70197.83
2024-10-30T00:00:00Z,BTC-USD,72322.91
2024-10-29T00:00:00Z,BTC-USD,72724.35
2024-10-28T00:00:00Z,BTC-USD,69924.5
2024-10-27T00:00:00Z,BTC-USD,67943.19
2024-10-26T00:00:00Z,BTC-USD,67012.56
2024-10-25T00:00:00Z,BTC-USD,66564.51
2024-10-24T00:00:00Z,BTC-USD,68156.84
2024-10-23T00:00:00Z,BTC-USD,66601.11
2024-10-22T00:00:00Z,BTC-USD,67380.08
2024-10-21T00:00:00Z,BTC-USD,67346.15
2024-10-20T00:00:00Z,BTC-USD,69014.86
2024-10-19T00:00:00Z,BTC-USD,68363.73
2024-10-18T00:00:00Z,BTC-USD,68426.11
2024-10-17T00:00:00Z,BTC-USD,67402.33
2024-10-16T00:00:00Z,BTC-USD,67608.44
2024-10-15T00:00:00Z,BTC-USD,67056.6
2024-10-14T00:00:00Z,BTC-USD,66065.65
2024-10-13T00:00:00Z,BTC-USD,62845.3
2024-10-12T00:00:00Z,BTC-USD,63187.47
2024-10-11T00:00:00Z,BTC-USD,62518.75
2024-10-10T00:00:00Z,BTC-USD,60279.53
2024-10-09T00:00:00Z,BTC-USD,60578.28
2024-10-08T00:00:00Z,BTC-USD,62122.02
2024-10-07T00:00:00Z,BTC-USD,62200.28
2024-10-06T00:00:00Z,BTC-USD,62810.86
2024-10-05T00:00:00Z,BTC-USD,62051.29
2024-10-04T00:00:00Z,BTC-USD,62090.71
2024-10-03T00:00:00Z,BTC-USD,60744.99
2024-10-02T00:00:00Z,BTC-USD,60631.37
2024-10-01T00:00:00Z,BTC-USD,60790
2024-09-30T00:00:00Z,BTC-USD,63301.25
2024-09-29T00:00:00Z,BTC-USD,65600.01
2024-09-28T00:00:00Z,BTC-USD,65858.99
2024-09-27T00:00:00Z,BTC-USD,65789
2024-09-26T00:00:00Z,BTC-USD,65177.21
2024-09-25T00:00:00Z,BTC-USD,63130.89
2024-09-24T00:00:00Z,BTC-USD,64272.93
2024-09-23T00:00:00Z,BTC-USD,63338.87
2024-09-22T00:00:00Z,BTC-USD,63577.66
2024-09-21T00:00:00Z,BTC-USD,63362.74
2024-09-20T00:00:00Z,BTC-USD,63210.69
2024-09-19T00:00:00Z,BTC-USD,62960.14
2024-09-18T00:00:00Z,BTC-USD,61769.18
2024-09-17T00:00:00Z,BTC-USD,60312.6
2024-09-16T00:00:00Z,BTC-USD,58208.75
2024-09-15T00:00:00Z,BTC-USD,59122.33
2024-09-14T00:00:00Z,BTC-USD,60012.35
2024-09-13T00:00:00Z,BTC-USD,60543.35
2024-09-12T00:00:00Z,BTC-USD,58137.54
2024-09-11T00:00:00Z,BTC-USD,57352.79
2024-09-10T00:00:00Z,BTC-USD,57645.59
2024-09-09T00:00:00Z,BTC-USD,57053.9
2024-09-08T00:00:00Z,BTC-USD,54881.11
2024-09-07T00:00:00Z,BTC-USD,54156.33
2024-09-06T00:00:00Z,BTC-USD,53950.01
2024-09-05T00:00:00Z,BTC-USD,56156.82
2024-09-04T00:00:00Z,BTC-USD,57971
2024-09-03T00:00:00Z,BTC-USD,57468.84
2024-09-02T00:00:00Z,BTC-USD,59139.83
2024-09-01T00:00:00Z,BTC-USD,57299
2024-08-31T00:00:00Z,BTC-USD,58968.37
2024-08-30T00:00:00Z,BTC-USD,59112.77
2024-08-29T00:00:00Z,BTC-USD,59364.47
2024-08-28T00:00:00Z,BTC-USD,59045.88
2024-08-27T00:00:00Z,BTC-USD,59439.64
2024-08-26T00:00:00Z,BTC-USD,62840
2024-08-25T00:00:00Z,BTC-USD,64251.93
2024-08-24T00:00:00Z,BTC-USD,64179.63
2024-08-23T00:00:00Z,BTC-USD,64086.72
2024-08-22T00:00:00Z,BTC-USD,60383.29
2024-08-21T00:00:00Z,BTC-USD,61163.28
2024-08-20T00:00:00Z,BTC-USD,59017.59
2024-08-19T00:00:00Z,BTC-USD,59452.67
2024-08-18T00:00:00Z,BTC-USD,58437.9
2024-08-17T00:00:00Z,BTC-USD,59497.49
2024-08-16T00:00:00Z,BTC-USD,58888.99
2024-08-15T00:00:00Z,BTC-USD,57543.61
2024-08-14T00:00:00Z,BTC-USD,58690.62
2024-08-13T00:00:00Z,BTC-USD,60603.19
2024-08-12T00:00:00Z,BTC-USD,59358.78
2024-08-11T00:00:00Z,BTC-USD,58722.49
2024-08-10T00:00:00Z,BTC-USD,60935.02
2024-08-09T00:00:00Z,BTC-USD,60862.13
2024-08-08T00:00:00Z,BTC-USD,61705.58
2024-08-07T00:00:00Z,BTC-USD,55148.1
2024-08-06T00:00:00Z,BTC-USD,56048.08
2024-08-05T00:00:00Z,BTC-USD,54029.12
2024-08-04T00:00:00Z,BTC-USD,58130.95
2024-08-03T00:00:00Z,BTC-USD,60674.93
2024-08-02T00:00:00Z,BTC-USD,61418.06
2024-08-01T00:00:00Z,BTC-USD,65288.18
2024-07-31T00:00:00Z,BTC-USD,64609.62
2024-07-30T00:00:00Z,BTC-USD,66169.68
2024-07-29T00:00:00Z,BTC-USD,66771.45
2024-07-28T00:00:00Z,BTC-USD,68244.3
2024-07-27T00:00:00Z,BTC-USD,67899.41
2024-07-26T00:00:00Z,BTC-USD,67924.08
2024-07-25T00:00:00Z,BTC-USD,65795.42
2024-07-24T00:00:00Z,BTC-USD,65366.4
2024-07-23T00:00:00Z,BTC-USD,65939.24
2024-07-22T00:00:00Z,BTC-USD,67558.22
2024-07-21T00:00:00Z,BTC-USD,68181.28
2024-07-20T00:00:00Z,BTC-USD,67163.83
2024-07-19T00:00:00Z,BTC-USD,66707.61
2024-07-18T00:00:00Z,BTC-USD,63982.86
2024-07-17T00:00:00Z,BTC-USD,64085.81
2024-07-16T00:00:00Z,BTC-USD,65088.99
2024-07-15T00:00:00Z,BTC-USD,64757.16
2024-07-14T00:00:00Z,BTC-USD,60808.42
2024-07-13T00:00:00Z,BTC-USD,59224.58
2024-07-12T00:00:00Z,BTC-USD,57909.03
2024-07-11T00:00:00Z,BTC-USD,57340.77
2024-07-10T00:00:00Z,BTC-USD,57712.59
2024-07-09T00:00:00Z,BTC-USD,58047.86
2024-07-08T00:00:00Z,BTC-USD,56699.43
2024-07-07T00:00:00Z,BTC-USD,55854.09
2024-07-06T00:00:00Z,BTC-USD,58244.75
2024-07-05T00:00:00Z,BTC-USD,56639.43
2024-07-04T00:00:00Z,BTC-USD,57042.14
2024-07-03T00:00:00Z,BTC-USD,60145.01
2024-07-02T00:00:00Z,BTC-USD,62040.22
2024-07-01T00:00:00Z,BTC-USD,62830.13
2024-06-30T00:00:00Z,BTC-USD,62668.26
2024-06-29T00:00:00Z,BTC-USD,60885.67
2024-06-28T00:00:00Z,BTC-USD,60313.35
2024-06-27T00:00:00Z,BTC-USD,61615.39
2024-06-26T00:00:00Z,BTC-USD,60816.68
2024-06-25T00:00:00Z,BTC-USD,61789.71
2024-06-24T00:00:00Z,BTC-USD,60263
2024-06-23T00:00:00Z,BTC-USD,63171.43
2024-06-22T00:00:00Z,BTC-USD,64235.01
2024-06-21T00:00:00Z,BTC-USD,64120.28
2024-06-20T00:00:00Z,BTC-USD,64840.88
2024-06-19T00:00:00Z,BTC-USD,64943.79
2024-06-18T00:00:00Z,BTC-USD,65152.8
2024-06-17T00:00:00Z,BTC-USD,66481.81
2024-06-16T00:00:00Z,BTC-USD,66628.75
2024-06-15T00:00:00Z,BTC-USD,66192
2024-06-14T00:00:00Z,BTC-USD,66004.39
2024-06-13T00:00:00Z,BTC-USD,66738.85
2024-06-12T00:00:00Z,BTC-USD,68248.6
2024-06-11T00:00:00Z,BTC-USD,67316.53
2024-06-10T00:00:00Z,BTC-USD,69497.73
2024-06-09T00:00:00Z,BTC-USD,69637.87
2024-06-08T00:00:00Z,BTC-USD,69304.05
2024-06-07T00:00:00Z,BTC-USD,69324.53
2024-06-06T00:00:00Z,BTC-USD,70773.64
2024-06-05T00:00:00Z,BTC-USD,71121.11
2024-06-04T00:00:00Z,BTC-USD,70542.32
2024-06-03T00:00:00Z,BTC-USD,68791
2024-06-02T00:00:00Z,BTC-USD,67735.52
2024-06-01T00:00:00Z,BTC-USD,67719.29
2024-05-31T00:00:00Z,BTC-USD,67472.41
2024-05-30T00:00:00Z,BTC-USD,68338.58
2024-05-29T00:00:00Z,BTC-USD,67569.45
2024-05-28T00:00:00Z,BTC-USD,68321.98
2024-05-27T00:00:00Z,BTC-USD,69368.72
2024-05-26T00:00:00Z,BTC-USD,68473.72
2024-05-25T00:00:00Z,BTC-USD,69289.67
2024-05-24T00:00:00Z,BTC-USD,68547.8
2024-05-23T00:00:00Z,BTC-USD,67940.45
2024-05-22T00:00:00Z,BTC-USD,69109.93
2024-05-21T00:00:00Z,BTC-USD,70142.84
2024-05-20T00:00:00Z,BTC-USD,71432.17
2024-05-19T00:00:00Z,BTC-USD,66261.62
2024-05-18T00:00:00Z,BTC-USD,66923.87
2024-05-17T00:00:00Z,BTC-USD,67046.33
2024-05-16T00:00:00Z,BTC-USD,65252.18
2024-05-15T00:00:00Z,BTC-USD,66244.69
2024-05-14T00:00:00Z,BTC-USD,61539.84
2024-05-13T00:00:00Z,BTC-USD,62932.37
2024-05-12T00:00:00Z,BTC-USD,61453.02
2024-05-11T00:00:00Z,BTC-USD,60814.63
2024-05-10T00:00:00Z,BTC-USD,60787.47
2024-05-09T00:00:00Z,BTC-USD,63073.57
2024-05-08T00:00:00Z,BTC-USD,61169.53
2024-05-07T00:00:00Z,BTC-USD,62315.76
2024-05-06T00:00:00Z,BTC-USD,63162.24
2024-05-05T00:00:00Z,BTC-USD,64023.45
2024-05-04T00:00:00Z,BTC-USD,63902.88
2024-05-03T00:00:00Z,BTC-USD,62913.03
2024-05-02T00:00:00Z,BTC-USD,59071.89
2024-05-01T00:00:00Z,BTC-USD,58265.59
2024-04-30T00:00:00Z,BTC-USD,60622.1
2024-04-29T00:00:00Z,BTC-USD,63844.85
2024-04-28T00:00:00Z,BTC-USD,63108.94
2024-04-27T00:00:00Z,BTC-USD,63422
2024-04-26T00:00:00Z,BTC-USD,63742.39
2024-04-25T00:00:00Z,BTC-USD,64484.44
2024-04-24T00:00:00Z,BTC-USD,64255.78
2024-04-23T00:00:00Z,BTC-USD,66414.16
2024-04-22T00:00:00Z,BTC-USD,66859.17
2024-04-21T00:00:00Z,BTC-USD,64952.92
2024-04-20T00:00:00Z,BTC-USD,64968.87
2024-04-19T00:00:00Z,BTC-USD,63848.37
2024-04-18T00:00:00Z,BTC-USD,63513.85
2024-04-17T00:00:00Z,BTC-USD,61279.36
2024-04-16T00:00:00Z,BTC-USD,63814.94
2024-04-15T00:00:00Z,BTC-USD,63452.18
2024-04-14T00:00:00Z,BTC-USD,65777.05
2024-04-13T00:00:00Z,BTC-USD,64024.77
2024-04-12T00:00:00Z,BTC-USD,67148.61
2024-04-11T00:00:00Z,BTC-USD,70020.73
2024-04-10T00:00:00Z,BTC-USD,70634.04
2024-04-09T00:00:00Z,BTC-USD,69117.01
2024-04-08T00:00:00Z,BTC-USD,71622.53
2024-04-07T00:00:00Z,BTC-USD,69350.34
2024-04-06T00:00:00Z,BTC-USD,68919.89
2024-04-05T00:00:00Z,BTC-USD,67856.51
2024-04-04T00:00:00Z,BTC-USD,68525.23
2024-04-03T00:00:00Z,BTC-USD,65987.92
2024-04-02T00:00:00Z,BTC-USD,65464.14
2024-04-01T00:00:00Z,BTC-USD,69681.82
2024-03-31T00:00:00Z,BTC-USD,71288.9
2024-03-30T00:00:00Z,BTC-USD,69626.87
2024-03-29T00:00:00Z,BTC-USD,69903.75
2024-03-28T00:00:00Z,BTC-USD,70801.18
2024-03-27T00:00:00Z,BTC-USD,69435.96
2024-03-26T00:00:00Z,BTC-USD,69992.4
2024-03-25T00:00:00Z,BTC-USD,69890.28
2024-03-24T00:00:00Z,BTC-USD,67204.93
2024-03-23T00:00:00Z,BTC-USD,63998.86
2024-03-22T00:00:00Z,BTC-USD,63814.56
2024-03-21T00:00:00Z,BTC-USD,65484.7
2024-03-20T00:00:00Z,BTC-USD,67858.8
2024-03-19T00:00:00Z,BTC-USD,61906.27
2024-03-18T00:00:00Z,BTC-USD,67613.04
2024-03-17T00:00:00Z,BTC-USD,68343.64
2024-03-16T00:00:00Z,BTC-USD,65254.22
2024-03-15T00:00:00Z,BTC-USD,69506.88
2024-03-14T00:00:00Z,BTC-USD,71364.58
2024-03-13T00:00:00Z,BTC-USD,73135.04
2024-03-12T00:00:00Z,BTC-USD,71475.93
2024-03-11T00:00:00Z,BTC-USD,72110.98
2024-03-10T00:00:00Z,BTC-USD,69032.12
2024-03-09T00:00:00Z,BTC-USD,68480
2024-03-08T00:00:00Z,BTC-USD,68289.16
2024-03-07T00:00:00Z,BTC-USD,66938.21
2024-03-06T00:00:00Z,BTC-USD,66122.28
2024-03-05T00:00:00Z,BTC-USD,63800.78
2024-03-04T00:00:00Z,BTC-USD,68360.14
2024-03-03T00:00:00Z,BTC-USD,63154.49
2024-03-02T00:00:00Z,BTC-USD,62045.78
2024-03-01T00:00:00Z,BTC-USD,62436.72
2024-02-29T00:00:00Z,BTC-USD,61179.03
2024-02-28T00:00:00Z,BTC-USD,62518.9
2024-02-27T00:00:00Z,BTC-USD,57077.07
2024-02-26T00:00:00Z,BTC-USD,54533.48
2024-02-25T00:00:00Z,BTC-USD,51731
2024-02-24T00:00:00Z,BTC-USD,51570.65
2024-02-23T00:00:00Z,BTC-USD,50747.05
2024-02-22T00:00:00Z,BTC-USD,51258.7
2024-02-21T00:00:00Z,BTC-USD,51851.67
2024-02-20T00:00:00Z,BTC-USD,52277.52
2024-02-19T00:00:00Z,BTC-USD,51787.05
2024-02-18T00:00:00Z,BTC-USD,52153.63
2024-02-17T00:00:00Z,BTC-USD,51666.22
2024-02-16T00:00:00Z,BTC-USD,52162.64
2024-02-15T00:00:00Z,BTC-USD,51934.29
2024-02-14T00:00:00Z,BTC-USD,51858.59
2024-02-13T00:00:00Z,BTC-USD,49725.36
2024-02-12T00:00:00Z,BTC-USD,49941.81
2024-02-11T00:00:00Z,BTC-USD,48316.3
2024-02-10T00:00:00Z,BTC-USD,47767.06
2024-02-09T00:00:00Z,BTC-USD,47160.41
2024-02-08T00:00:00Z,BTC-USD,45305.2
2024-02-07T00:00:00Z,BTC-USD,44343.61
2024-02-06T00:00:00Z,BTC-USD,43095.79
2024-02-05T00:00:00Z,BTC-USD,42657.67
2024-02-04T00:00:00Z,BTC-USD,42568.55
2024-02-03T00:00:00Z,BTC-USD,43010.67
2024-02-02T00:00:00Z,BTC-USD,43181.66
2024-02-01T00:00:00Z,BTC-USD,43078.81
2024-01-31T00:00:00Z,BTC-USD,42548.08
2024-01-30T00:00:00Z,BTC-USD,42942.78
2024-01-29T00:00:00Z,BTC-USD,43306.18
2024-01-28T00:00:00Z,BTC-USD,42034.59
2024-01-27T00:00:00Z,BTC-USD,42126.55
2024-01-26T00:00:00Z,BTC-USD,41814.8
2024-01-25T00:00:00Z,BTC-USD,39941.66
2024-01-24T00:00:00Z,BTC-USD,40077.78
2024-01-23T00:00:00Z,BTC-USD,39878.3
2024-01-22T00:00:00Z,BTC-USD,39524.27
2024-01-21T00:00:00Z,BTC-USD,41554.05
2024-01-20T00:00:00Z,BTC-USD,41666.67
2024-01-19T00:00:00Z,BTC-USD,41624.07
2024-01-18T00:00:00Z,BTC-USD,41293.5
2024-01-17T00:00:00Z,BTC-USD,42739.49
2024-01-16T00:00:00Z,BTC-USD,43130.45
2024-01-15T00:00:00Z,BTC-USD,42490.16
2024-01-14T00:00:00Z,BTC-USD,41697.33
2024-01-13T00:00:00Z,BTC-USD,42839.33
2024-01-12T00:00:00Z,BTC-USD,42773.03
2024-01-11T00:00:00Z,BTC-USD,46342.66
2024-01-10T00:00:00Z,BTC-USD,46666.11
2024-01-09T00:00:00Z,BTC-USD,46124.08
2024-01-08T00:00:00Z,BTC-USD,46995.1
2024-01-07T00:00:00Z,BTC-USD,43950.28
2024-01-06T00:00:00Z,BTC-USD,43992.44
2024-01-05T00:00:00Z,BTC-USD,44186.59
2024-01-04T00:00:00Z,BTC-USD,44193.29
2024-01-03T00:00:00Z,BTC-USD,42862.44
2024-01-02T00:00:00Z,BTC-USD,44972.8
2024-01-01T00:00:00Z,BTC-USD,44220.78
2023-12-31T00:00:00Z,BTC-USD,42288.06
2023-12-30T00:00:00Z,BTC-USD,42141.03
2023-12-29T00:00:00Z,BTC-USD,42063.45
2023-12-28T00:00:00Z,BTC-USD,42581.23
2023-12-27T00:00:00Z,BTC-USD,43474.4
2023-12-26T00:00:00Z,BTC-USD,42515.53
2023-12-25T00:00:00Z,BTC-USD,43589.67
2023-12-24T00:00:00Z,BTC-USD,43025.03
2023-12-23T00:00:00Z,BTC-USD,43726.35
2023-12-22T00:00:00Z,BTC-USD,44013.73
2023-12-21T00:00:00Z,BTC-USD,43875.32
2023-12-20T00:00:00Z,BTC-USD,43674.77
2023-12-19T00:00:00Z,BTC-USD,42266.22
2023-12-18T00:00:00Z,BTC-USD,42650.01
2023-12-17T00:00:00Z,BTC-USD,41349.59
2023-12-16T00:00:00Z,BTC-USD,42237.29
2023-12-15T00:00:00Z,BTC-USD,41933.89
2023-12-14T00:00:00Z,BTC-USD,43027.77
2023-12-13T00:00:00Z,BTC-USD,42885.54
2023-12-12T00:00:00Z,BTC-USD,41477.39
2023-12-11T00:00:00Z,BTC-USD,41229.61
2023-12-10T00:00:00Z,BTC-USD,43793.68
2023-12-09T00:00:00Z,BTC-USD,43723.25
2023-12-08T00:00:00Z,BTC-USD,44192.87
2023-12-07T00:00:00Z,BTC-USD,43280.95
2023-12-06T00:00:00Z,BTC-USD,43764.05
2023-12-05T00:00:00Z,BTC-USD,44084.39
2023-12-04T00:00:00Z,BTC-USD,41987.24
2023-12-03T00:00:00Z,BTC-USD,39984.81
2023-12-02T00:00:00Z,BTC-USD,39478.95
2023-12-01T00:00:00Z,BTC-USD,38703.54
2023-11-30T00:00:00Z,BTC-USD,37732.27
2023-11-29T00:00:00Z,BTC-USD,37863.84
2023-11-28T00:00:00Z,BTC-USD,37838.26
2023-11-27T00:00:00Z,BTC-USD,37241.63
2023-11-26T00:00:00Z,BTC-USD,37462.79
2023-11-25T00:00:00Z,BTC-USD,37805.99
2023-11-24T00:00:00Z,BTC-USD,37745.84
2023-11-23T00:00:00Z,BTC-USD,37304.05
2023-11-22T00:00:00Z,BTC-USD,37424.31
2023-11-21T00:00:00Z,BTC-USD,35751.89
2023-11-20T00:00:00Z,BTC-USD,37475.64
2023-11-19T00:00:00Z,BTC-USD,37391.19
2023-11-18T00:00:00Z,BTC-USD,36594.89
2023-11-17T00:00:00Z,BTC-USD,36630.38
2023-11-16T00:00:00Z,BTC-USD,36161.15
2023-11-15T00:00:00Z,BTC-USD,37885.35
2023-11-14T00:00:00Z,BTC-USD,35554.09
2023-11-13T00:00:00Z,BTC-USD,36475.67
2023-11-12T00:00:00Z,BTC-USD,37086.03
2023-11-11T00:00:00Z,BTC-USD,37139.12
2023-11-10T00:00:00Z,BTC-USD,37324.83
2023-11-09T00:00:00Z,BTC-USD,36706.59
2023-11-08T00:00:00Z,BTC-USD,35639.13
2023-11-07T00:00:00Z,BTC-USD,35416.28
2023-11-06T00:00:00Z,BTC-USD,35059.46
2023-11-05T00:00:00Z,BTC-USD,35035.42
2023-11-04T00:00:00Z,BTC-USD,35087.01
2023-11-03T00:00:00Z,BTC-USD,34731.27
2023-11-02T00:00:00Z,BTC-USD,34950
2023-11-01T00:00:00Z,BTC-USD,35440.1
2023-10-31T00:00:00Z,BTC-USD,34656.4
2023-10-30T00:00:00Z,BTC-USD,34493.79
2023-10-29T00:00:00Z,BTC-USD,34534.48
2023-10-28T00:00:00Z,BTC-USD,34085.42
2023-10-27T00:00:00Z,BTC-USD,33906.09
2023-10-26T00:00:00Z,BTC-USD,34154.71
2023-10-25T00:00:00Z,BTC-USD,34506.35
2023-10-24T00:00:00Z,BTC-USD,33922.52
2023-10-23T00:00:00Z,BTC-USD,33087.58
2023-10-22T00:00:00Z,BTC-USD,30004.15
2023-10-21T00:00:00Z,BTC-USD,29924.84
2023-10-20T00:00:00Z,BTC-USD,29684.73
2023-10-19T00:00:00Z,BTC-USD,28735.34
2023-10-18T00:00:00Z,BTC-USD,28326.51
2023-10-17T00:00:00Z,BTC-USD,28408.83
2023-10-16T00:00:00Z,BTC-USD,28520.24
2023-10-15T00:00:00Z,BTC-USD,27186.13
2023-10-14T00:00:00Z,BTC-USD,26851.71
2023-10-13T00:00:00Z,BTC-USD,26863.53
2023-10-12T00:00:00Z,BTC-USD,26750.51
2023-10-11T00:00:00Z,BTC-USD,26869.19
2023-10-10T00:00:00Z,BTC-USD,27393.29
2023-10-09T00:00:00Z,BTC-USD,27596.67
2023-10-08T00:00:00Z,BTC-USD,27933.55
2023-10-07T00:00:00Z,BTC-USD,27976.43
2023-10-06T00:00:00Z,BTC-USD,27945.17
2023-10-05T00:00:00Z,BTC-USD,27412.96
2023-10-04T00:00:00Z,BTC-USD,27786.75
2023-10-03T00:00:00Z,BTC-USD,27428.96
2023-10-02T00:00:00Z,BTC-USD,27504.04
2023-10-01T00:00:00Z,BTC-USD,27995.46
2023-09-30T00:00:00Z,BTC-USD,26961
2023-09-29T00:00:00Z,BTC-USD,26907
2023-09-28T00:00:00Z,BTC-USD,27027.14
2023-09-27T00:00:00Z,BTC-USD,26357.62
2023-09-26T00:00:00Z,BTC-USD,26208.44
2023-09-25T00:00:00Z,BTC-USD,26296.08
2023-09-24T00:00:00Z,BTC-USD,26250.24
2023-09-23T00:00:00Z,BTC-USD,26579.6
2023-09-22T00:00:00Z,BTC-USD,26578.4
2023-09-21T00:00:00Z,BTC-USD,26564.54
2023-09-20T00:00:00Z,BTC-USD,27123.94
2023-09-19T00:00:00Z,BTC-USD,27216.13
2023-09-18T00:00:00Z,BTC-USD,26764.49
2023-09-17T00:00:00Z,BTC-USD,26530.95
2023-09-16T00:00:00Z,BTC-USD,26569.69
2023-09-15T00:00:00Z,BTC-USD,26602.42
2023-09-14T00:00:00Z,BTC-USD,26532.76
2023-09-13T00:00:00Z,BTC-USD,26226.65
2023-09-12T00:00:00Z,BTC-USD,25840.61
2023-09-11T00:00:00Z,BTC-USD,25152.14
2023-09-10T00:00:00Z,BTC-USD,25831.76
2023-09-09T00:00:00Z,BTC-USD,25897.82
2023-09-08T00:00:00Z,BTC-USD,25906.34
2023-09-07T00:00:00Z,BTC-USD,26276.3
2023-09-06T00:00:00Z,BTC-USD,25747.63
2023-09-05T00:00:00Z,BTC-USD,25783.91
2023-09-04T00:00:00Z,BTC-USD,25816.13
2023-09-03T00:00:00Z,BTC-USD,25969.83
2023-09-02T00:00:00Z,BTC-USD,25867.83
2023-09-01T00:00:00Z,BTC-USD,25794.88
2023-08-31T00:00:00Z,BTC-USD,25932.45
2023-08-30T00:00:00Z,BTC-USD,27306.06
2023-08-29T00:00:00Z,BTC-USD,27717.98
2023-08-28T00:00:00Z,BTC-USD,26101.04
2023-08-27T00:00:00Z,BTC-USD,26091.16
2023-08-26T00:00:00Z,BTC-USD,26009.61
2023-08-25T00:00:00Z,BTC-USD,26049.39
2023-08-24T00:00:00Z,BTC-USD,26163.49
2023-08-23T00:00:00Z,BTC-USD,26427.54
2023-08-22T00:00:00Z,BTC-USD,26042.11
2023-08-21T00:00:00Z,BTC-USD,26125.18
2023-08-20T00:00:00Z,BTC-USD,26189.14
2023-08-19T00:00:00Z,BTC-USD,26096.42
2023-08-18T00:00:00Z,BTC-USD,26048.89
2023-08-17T00:00:00Z,BTC-USD,26627.57
2023-08-16T00:00:00Z,BTC-USD,28700.51
2023-08-15T00:00:00Z,BTC-USD,29170.14
2023-08-14T00:00:00Z,BTC-USD,29405.49
2023-08-13T00:00:00Z,BTC-USD,29275.94
2023-08-12T00:00:00Z,BTC-USD,29416.96
2023-08-11T00:00:00Z,BTC-USD,29400.45
2023-08-10T00:00:00Z,BTC-USD,29424.03
2023-08-09T00:00:00Z,BTC-USD,29562.76
2023-08-08T00:00:00Z,BTC-USD,29770.01
2023-08-07T00:00:00Z,BTC-USD,29179.21
2023-08-06T00:00:00Z,BTC-USD,29040.01
2023-08-05T00:00:00Z,BTC-USD,29047.12
2023-08-04T00:00:00Z,BTC-USD,29076.48
2023-08-03T00:00:00Z,BTC-USD,29174.18
2023-08-02T00:00:00Z,BTC-USD,29164.22
2023-08-01T00:00:00Z,BTC-USD,29697.27
2023-07-31T00:00:00Z,BTC-USD,29230.67
2023-07-30T00:00:00Z,BTC-USD,29281.39
2023-07-29T00:00:00Z,BTC-USD,29355.71
2023-07-28T00:00:00Z,BTC-USD,29316.15
2023-07-27T00:00:00Z,BTC-USD,29214.92
2023-07-26T00:00:00Z,BTC-USD,29353.23
2023-07-25T00:00:00Z,BTC-USD,29225.14
2023-07-24T00:00:00Z,BTC-USD,29176.98
2023-07-23T00:00:00Z,BTC-USD,30081.61
2023-07-22T00:00:00Z,BTC-USD,29795.03
2023-07-21T00:00:00Z,BTC-USD,29907.98
2023-07-20T00:00:00Z,BTC-USD,29809.13
2023-07-19T00:00:00Z,BTC-USD,29916.72
2023-07-18T00:00:00Z,BTC-USD,29861.93
2023-07-17T00:00:00Z,BTC-USD,30143.08
2023-07-16T00:00:00Z,BTC-USD,30247.64
2023-07-15T00:00:00Z,BTC-USD,30301.65
2023-07-14T00:00:00Z,BTC-USD,30330.52
2023-07-13T00:00:00Z,BTC-USD,31471.83
2023-07-12T00:00:00Z,BTC-USD,30381.81
2023-07-11T00:00:00Z,BTC-USD,30626.55
2023-07-10T00:00:00Z,BTC-USD,30419.89
2023-07-09T00:00:00Z,BTC-USD,30168.38
2023-07-08T00:00:00Z,BTC-USD,30291.69
2023-07-07T00:00:00Z,BTC-USD,30352.08
2023-07-06T00:00:00Z,BTC-USD,29899.38
2023-07-05T00:00:00Z,BTC-USD,30499.27
2023-07-04T00:00:00Z,BTC-USD,30771.25
2023-07-03T00:00:00Z,BTC-USD,31161.8
2023-07-02T00:00:00Z,BTC-USD,30613.51
2023-07-01T00:00:00Z,BTC-USD,30587.21
2023-06-30T00:00:00Z,BTC-USD,30466.72
2023-06-29T00:00:00Z,BTC-USD,30446.47
2023-06-28T00:00:00Z,BTC-USD,30074.94
2023-06-27T00:00:00Z,BTC-USD,30697.38
2023-06-26T00:00:00Z,BTC-USD,30272.18
2023-06-25T00:00:00Z,BTC-USD,30480.24
2023-06-24T00:00:00Z,BTC-USD,30547.18
2023-06-23T00:00:00Z,BTC-USD,30707.61
2023-06-22T00:00:00Z,BTC-USD,29886.31
2023-06-21T00:00:00Z,BTC-USD,29995.08
2023-06-20T00:00:00Z,BTC-USD,28320.43
2023-06-19T00:00:00Z,BTC-USD,26837.78
2023-06-18T00:00:00Z,BTC-USD,26336.46
2023-06-17T00:00:00Z,BTC-USD,26506.56
2023-06-16T00:00:00Z,BTC-USD,26329.6
2023-06-15T00:00:00Z,BTC-USD,25569.99
2023-06-14T00:00:00Z,BTC-USD,25123.34
2023-06-13T00:00:00Z,BTC-USD,25930.23
2023-06-12T00:00:00Z,BTC-USD,25905.82
2023-06-11T00:00:00Z,BTC-USD,25937.02
2023-06-10T00:00:00Z,BTC-USD,25856.1
2023-06-09T00:00:00Z,BTC-USD,26482.81
2023-06-08T00:00:00Z,BTC-USD,26508.32
2023-06-07T00:00:00Z,BTC-USD,26346.41
2023-06-06T00:00:00Z,BTC-USD,27243.63
2023-06-05T00:00:00Z,BTC-USD,25741.5
2023-06-04T00:00:00Z,BTC-USD,27122.04
2023-06-03T00:00:00Z,BTC-USD,27077.6
2023-06-02T00:00:00Z,BTC-USD,27250.69
2023-06-01T00:00:00Z,BTC-USD,26828.42
2023-05-31T00:00:00Z,BTC-USD,27223.08
2023-05-30T00:00:00Z,BTC-USD,27700.15
2023-05-29T00:00:00Z,BTC-USD,27744.82
2023-05-28T00:00:00Z,BTC-USD,28070.04
2023-05-27T00:00:00Z,BTC-USD,26867.99
2023-05-26T00:00:00Z,BTC-USD,26714.86
2023-05-25T00:00:00Z,BTC-USD,26479.06
2023-05-24T00:00:00Z,BTC-USD,26321.4
2023-05-23T00:00:00Z,BTC-USD,27223.22
2023-05-22T00:00:00Z,BTC-USD,26854.73
2023-05-21T00:00:00Z,BTC-USD,26752.65
2023-05-20T00:00:00Z,BTC-USD,27113.61
2023-05-19T00:00:00Z,BTC-USD,26890.27
2023-05-18T00:00:00Z,BTC-USD,26820.49
2023-05-17T00:00:00Z,BTC-USD,27407.77
2023-05-16T00:00:00Z,BTC-USD,27037.68
2023-05-15T00:00:00Z,BTC-USD,27171.13
2023-05-14T00:00:00Z,BTC-USD,26929.98
2023-05-13T00:00:00Z,BTC-USD,26789.48
2023-05-12T00:00:00Z,BTC-USD,26808.84
2023-05-11T00:00:00Z,BTC-USD,26986.56
2023-05-10T00:00:00Z,BTC-USD,27624.01
2023-05-09T00:00:00Z,BTC-USD,27647.29
2023-05-08T00:00:00Z,BTC-USD,27695.06
2023-05-07T00:00:00Z,BTC-USD,28474.53
2023-05-06T00:00:00Z,BTC-USD,28902.66
2023-05-05T00:00:00Z,BTC-USD,29536.76
2023-05-04T00:00:00Z,BTC-USD,28857.23
2023-05-03T00:00:00Z,BTC-USD,29038.75
2023-05-02T00:00:00Z,BTC-USD,28684.4
2023-05-01T00:00:00Z,BTC-USD,28077.27
2023-04-30T00:00:00Z,BTC-USD,29247.14
2023-04-29T00:00:00Z,BTC-USD,29249.35
2023-04-28T00:00:00Z,BTC-USD,29338.63
2023-04-27T00:00:00Z,BTC-USD,29483.72
2023-04-26T00:00:00Z,BTC-USD,28426.08
2023-04-25T00:00:00Z,BTC-USD,28304.42
2023-04-24T00:00:00Z,BTC-USD,27515.05
2023-04-23T00:00:00Z,BTC-USD,27592.98
2023-04-22T00:00:00Z,BTC-USD,27821.41
2023-04-21T00:00:00Z,BTC-USD,27253.85
2023-04-20T00:00:00Z,BTC-USD,28248.18
2023-04-19T00:00:00Z,BTC-USD,28809.72
2023-04-18T00:00:00Z,BTC-USD,30393.4
2023-04-17T00:00:00Z,BTC-USD,29449.91
2023-04-16T00:00:00Z,BTC-USD,30326.09
2023-04-15T00:00:00Z,BTC-USD,30324.11
2023-04-14T00:00:00Z,BTC-USD,30492.92
2023-04-13T00:00:00Z,BTC-USD,30406.78
2023-04-12T00:00:00Z,BTC-USD,29912.2
2023-04-11T00:00:00Z,BTC-USD,30227.19
2023-04-10T00:00:00Z,BTC-USD,29660.41
2023-04-09T00:00:00Z,BTC-USD,28340.99
2023-04-08T00:00:00Z,BTC-USD,27958.81
2023-04-07T00:00:00Z,BTC-USD,27931.94
2023-04-06T00:00:00Z,BTC-USD,28053.46
2023-04-05T00:00:00Z,BTC-USD,28175.37
2023-04-04T00:00:00Z,BTC-USD,28179.64
2023-04-03T00:00:00Z,BTC-USD,27811.77
2023-04-02T00:00:00Z,BTC-USD,28188.34
2023-04-01T00:00:00Z,BTC-USD,28471.46
2023-03-31T00:00:00Z,BTC-USD,28474.4
2023-03-30T00:00:00Z,BTC-USD,28035.48
2023-03-29T00:00:00Z,BTC-USD,28359.54
2023-03-28T00:00:00Z,BTC-USD,27274.15
2023-03-27T00:00:00Z,BTC-USD,27142.87
2023-03-26T00:00:00Z,BTC-USD,27992.9
2023-03-25T00:00:00Z,BTC-USD,27488.18
2023-03-24T00:00:00Z,BTC-USD,27489.24
2023-03-23T00:00:00Z,BTC-USD,28352.94
2023-03-22T00:00:00Z,BTC-USD,27325.15
2023-03-21T00:00:00Z,BTC-USD,28207.33
2023-03-20T00:00:00Z,BTC-USD,27823.32
2023-03-19T00:00:00Z,BTC-USD,28054.46
2023-03-18T00:00:00Z,BTC-USD,26980.35
2023-03-17T00:00:00Z,BTC-USD,27453.62
2023-03-16T00:00:00Z,BTC-USD,25051.85
2023-03-15T00:00:00Z,BTC-USD,24377.16
2023-03-14T00:00:00Z,BTC-USD,24762.65
2023-03-13T00:00:00Z,BTC-USD,24220
2023-03-12T00:00:00Z,BTC-USD,22219.08
2023-03-11T00:00:00Z,BTC-USD,20620.54
2023-03-10T00:00:00Z,BTC-USD,20230.08
2023-03-09T00:00:00Z,BTC-USD,20367.01
2023-03-08T00:00:00Z,BTC-USD,21698.37
2023-03-07T00:00:00Z,BTC-USD,22198.48
2023-03-06T00:00:00Z,BTC-USD,22410.31
2023-03-05T00:00:00Z,BTC-USD,22432.69
2023-03-04T00:00:00Z,BTC-USD,22350.95
2023-03-03T00:00:00Z,BTC-USD,22358.18
2023-03-02T00:00:00Z,BTC-USD,23468.24
2023-03-01T00:00:00Z,BTC-USD,23631.52
2023-02-28T00:00:00Z,BTC-USD,23145.32
2023-02-27T00:00:00Z,BTC-USD,23489.52
2023-02-26T00:00:00Z,BTC-USD,23556.83
2023-02-25T00:00:00Z,BTC-USD,23159.71
2023-02-24T00:00:00Z,BTC-USD,23186.88
2023-02-23T00:00:00Z,BTC-USD,23943.32
2023-02-22T00:00:00Z,BTC-USD,24184.44
2023-02-21T00:00:00Z,BTC-USD,24454.43
2023-02-20T00:00:00Z,BTC-USD,24844.97
2023-02-19T00:00:00Z,BTC-USD,24281.31
2023-02-18T00:00:00Z,BTC-USD,24636.23
2023-02-17T00:00:00Z,BTC-USD,24577.6
2023-02-16T00:00:00Z,BTC-USD,23516.15
2023-02-15T00:00:00Z,BTC-USD,24329.04
2023-02-14T00:00:00Z,BTC-USD,22206.27
2023-02-13T00:00:00Z,BTC-USD,21789.14
2023-02-12T00:00:00Z,BTC-USD,21789.8
2023-02-11T00:00:00Z,BTC-USD,21863.73
2023-02-10T00:00:00Z,BTC-USD,21628.97
2023-02-09T00:00:00Z,BTC-USD,21800.63
2023-02-08T00:00:00Z,BTC-USD,22964.38
2023-02-07T00:00:00Z,BTC-USD,23244.67
2023-02-06T00:00:00Z,BTC-USD,22764.07
2023-02-05T00:00:00Z,BTC-USD,22936.34
2023-02-04T00:00:00Z,BTC-USD,23328.87
2023-02-03T00:00:00Z,BTC-USD,23433.54
2023-02-02T00:00:00Z,BTC-USD,23493.84
2023-02-01T00:00:00Z,BTC-USD,23735.97
2023-01-31T00:00:00Z,BTC-USD,23128.86
2023-01-30T00:00:00Z,BTC-USD,22836.03
2023-01-29T00:00:00Z,BTC-USD,23745.8
2023-01-28T00:00:00Z,BTC-USD,23028.95
2023-01-27T00:00:00Z,BTC-USD,23084.4
2023-01-26T00:00:00Z,BTC-USD,23010.47
2023-01-25T00:00:00Z,BTC-USD,23062.36
2023-01-24T00:00:00Z,BTC-USD,22636.17
2023-01-23T00:00:00Z,BTC-USD,22920.29
2023-01-22T00:00:00Z,BTC-USD,22714.87
2023-01-21T00:00:00Z,BTC-USD,22789.37
2023-01-20T00:00:00Z,BTC-USD,22669.81
2023-01-19T00:00:00Z,BTC-USD,21084.22
2023-01-18T00:00:00Z,BTC-USD,20674.29
2023-01-17T00:00:00Z,BTC-USD,21136.33
2023-01-16T00:00:00Z,BTC-USD,21187.5
2023-01-15T00:00:00Z,BTC-USD,20879.7
2023-01-14T00:00:00Z,BTC-USD,20957.02
2023-01-13T00:00:00Z,BTC-USD,19934.88
2023-01-12T00:00:00Z,BTC-USD,18847.75
2023-01-11T00:00:00Z,BTC-USD,17944.27
2023-01-10T00:00:00Z,BTC-USD,17443.5
2023-01-09T00:00:00Z,BTC-USD,17177.98
2023-01-08T00:00:00Z,BTC-USD,17125.18
2023-01-07T00:00:00Z,BTC-USD,16942.37
2023-01-06T00:00:00Z,BTC-USD,16948.06
2023-01-05T00:00:00Z,BTC-USD,16825.69
2023-01-04T00:00:00Z,BTC-USD,16844.42
2023-01-03T00:00:00Z,BTC-USD,16669.47
2023-01-02T00:00:00Z,BTC-USD,16666.95
2023-01-01T00:00:00Z,BTC-USD,16611.58
2022-12-31T00:00:00Z,BTC-USD,16530.35
2022-12-30T00:00:00Z,BTC-USD,16600.1
2022-12-29T00:00:00Z,BTC-USD,16627.54
2022-12-28T00:00:00Z,BTC-USD,16539.66
2022-12-27T00:00:00Z,BTC-USD,16698.73
2022-12-26T00:00:00Z,BTC-USD,16917.96
2022-12-25T00:00:00Z,BTC-USD,16829.02
2022-12-24T00:00:00Z,BTC-USD,16837.12
2022-12-23T00:00:00Z,BTC-USD,16777.21
2022-12-22T00:00:00Z,BTC-USD,16815.51
2022-12-21T00:00:00Z,BTC-USD,16826.56
2022-12-20T00:00:00Z,BTC-USD,16897.65
2022-12-19T00:00:00Z,BTC-USD,16439.74
2022-12-18T00:00:00Z,BTC-USD,16741.16
2022-12-17T00:00:00Z,BTC-USD,16782.25
2022-12-16T00:00:00Z,BTC-USD,16632.64
2022-12-15T00:00:00Z,BTC-USD,17357.96
2022-12-14T00:00:00Z,BTC-USD,17804.97
2022-12-13T00:00:00Z,BTC-USD,17773.18
2022-12-12T00:00:00Z,BTC-USD,17211.66
2022-12-11T00:00:00Z,BTC-USD,17085.21
2022-12-10T00:00:00Z,BTC-USD,17128.1
2022-12-09T00:00:00Z,BTC-USD,17130.59
2022-12-08T00:00:00Z,BTC-USD,17226.01
2022-12-07T00:00:00Z,BTC-USD,16840
2022-12-06T00:00:00Z,BTC-USD,17089.05
2022-12-05T00:00:00Z,BTC-USD,16966.05
2022-12-04T00:00:00Z,BTC-USD,17108.9
2022-12-03T00:00:00Z,BTC-USD,16888.53
2022-12-02T00:00:00Z,BTC-USD,17094.71
2022-12-01T00:00:00Z,BTC-USD,16980.08
2022-11-30T00:00:00Z,BTC-USD,17167.33
2022-11-29T00:00:00Z,BTC-USD,16438
2022-11-28T00:00:00Z,BTC-USD,16206.3
2022-11-27T00:00:00Z,BTC-USD,16419.88
2022-11-26T00:00:00Z,BTC-USD,16450.93
2022-11-25T00:00:00Z,BTC-USD,16510.9
2022-11-24T00:00:00Z,BTC-USD,16587.61
2022-11-23T00:00:00Z,BTC-USD,16587
2022-11-22T00:00:00Z,BTC-USD,16199.71
2022-11-21T00:00:00Z,BTC-USD,15760.14
2022-11-20T00:00:00Z,BTC-USD,16252.53
2022-11-19T00:00:00Z,BTC-USD,16683.02
2022-11-18T00:00:00Z,BTC-USD,16680.59
2022-11-17T00:00:00Z,BTC-USD,16680.47
2022-11-16T00:00:00Z,BTC-USD,16645.24
2022-11-15T00:00:00Z,BTC-USD,16877.93
2022-11-14T00:00:00Z,BTC-USD,16590.73
2022-11-13T00:00:00Z,BTC-USD,16301.39
2022-11-12T00:00:00Z,BTC-USD,16783.33
2022-11-11T00:00:00Z,BTC-USD,17013.62
2022-11-10T00:00:00Z,BTC-USD,17553.89
2022-11-09T00:00:00Z,BTC-USD,15891.96
2022-11-08T00:00:00Z,BTC-USD,18550.25
2022-11-07T00:00:00Z,BTC-USD,20593.49
2022-11-06T00:00:00Z,BTC-USD,20909.17
2022-11-05T00:00:00Z,BTC-USD,21300.45
2022-11-04T00:00:00Z,BTC-USD,21144.2
2022-11-03T00:00:00Z,BTC-USD,20206.88
2022-11-02T00:00:00Z,BTC-USD,20151.4
2022-11-01T00:00:00Z,BTC-USD,20479.63
2022-10-31T00:00:00Z,BTC-USD,20489.94
2022-10-30T00:00:00Z,BTC-USD,20630.68
2022-10-29T00:00:00Z,BTC-USD,20823.53
2022-10-28T00:00:00Z,BTC-USD,20597.91
2022-10-27T00:00:00Z,BTC-USD,20296.97
2022-10-26T00:00:00Z,BTC-USD,20775.4
2022-10-25T00:00:00Z,BTC-USD,20086.28
2022-10-24T00:00:00Z,BTC-USD,19330.41
2022-10-23T00:00:00Z,BTC-USD,19572.44
2022-10-22T00:00:00Z,BTC-USD,19209.1
2022-10-21T00:00:00Z,BTC-USD,19166.45
2022-10-20T00:00:00Z,BTC-USD,19042.48
2022-10-19T00:00:00Z,BTC-USD,19124.18
2022-10-18T00:00:00Z,BTC-USD,19328.76
2022-10-17T00:00:00Z,BTC-USD,19550.4
2022-10-16T00:00:00Z,BTC-USD,19264.44
2022-10-15T00:00:00Z,BTC-USD,19070.24
2022-10-14T00:00:00Z,BTC-USD,19178
2022-10-13T00:00:00Z,BTC-USD,19378.65
2022-10-12T00:00:00Z,BTC-USD,19155.92
2022-10-11T00:00:00Z,BTC-USD,19058.11
2022-10-10T00:00:00Z,BTC-USD,19132.83
2022-10-09T00:00:00Z,BTC-USD,19443.47
2022-10-08T00:00:00Z,BTC-USD,19419.39
2022-10-07T00:00:00Z,BTC-USD,19533.05
2022-10-06T00:00:00Z,BTC-USD,19965.64
2022-10-05T00:00:00Z,BTC-USD,20161.62
2022-10-04T00:00:00Z,BTC-USD,20345.19
2022-10-03T00:00:00Z,BTC-USD,19633.46
2022-10-02T00:00:00Z,BTC-USD,19059.17
2022-10-01T00:00:00Z,BTC-USD,19315.27
2022-09-30T00:00:00Z,BTC-USD,19426.11
2022-09-29T00:00:00Z,BTC-USD,19595.57
2022-09-28T00:00:00Z,BTC-USD,19412.07
2022-09-27T00:00:00Z,BTC-USD,19077.57
2022-09-26T00:00:00Z,BTC-USD,19228
2022-09-25T00:00:00Z,BTC-USD,18808.61
2022-09-24T00:00:00Z,BTC-USD,18923.2
2022-09-23T00:00:00Z,BTC-USD,19286.01
2022-09-22T00:00:00Z,BTC-USD,19401.25
2022-09-21T00:00:00Z,BTC-USD,18462.64
2022-09-20T00:00:00Z,BTC-USD,18876.91
2022-09-19T00:00:00Z,BTC-USD,19540.38
2022-09-18T00:00:00Z,BTC-USD,19417.64
2022-09-17T00:00:00Z,BTC-USD,20113.37
2022-09-16T00:00:00Z,BTC-USD,19801.04
2022-09-15T00:00:00Z,BTC-USD,19703.67
2022-09-14T00:00:00Z,BTC-USD,20227.77
2022-09-13T00:00:00Z,BTC-USD,20174.78
2022-09-12T00:00:00Z,BTC-USD,22402.71
2022-09-11T00:00:00Z,BTC-USD,21831.72
2022-09-10T00:00:00Z,BTC-USD,21651.52
2022-09-09T00:00:00Z,BTC-USD,21364.5
2022-09-08T00:00:00Z,BTC-USD,19321.87
2022-09-07T00:00:00Z,BTC-USD,19293.52
2022-09-06T00:00:00Z,BTC-USD,18790.91
2022-09-05T00:00:00Z,BTC-USD,19794.58
2022-09-04T00:00:00Z,BTC-USD,20004.73
2022-09-03T00:00:00Z,BTC-USD,19835.47
2022-09-02T00:00:00Z,BTC-USD,19953.74
2022-09-01T00:00:00Z,BTC-USD,20133.65
2022-08-31T00:00:00Z,BTC-USD,20048.26
2022-08-30T00:00:00Z,BTC-USD,19813.17
2022-08-29T00:00:00Z,BTC-USD,20286.97
2022-08-28T00:00:00Z,BTC-USD,19554.03
2022-08-27T00:00:00Z,BTC-USD,20036.69
2022-08-26T00:00:00Z,BTC-USD,20240.72
2022-08-25T00:00:00Z,BTC-USD,21561.86
2022-08-24T00:00:00Z,BTC-USD,21367.12
2022-08-23T00:00:00Z,BTC-USD,21528.34
2022-08-22T00:00:00Z,BTC-USD,21398.25
2022-08-21T00:00:00Z,BTC-USD,21518.62
2022-08-20T00:00:00Z,BTC-USD,21139.23
2022-08-19T00:00:00Z,BTC-USD,20834.94
2022-08-18T00:00:00Z,BTC-USD,23189.46
2022-08-17T00:00:00Z,BTC-USD,23341.17
2022-08-16T00:00:00Z,BTC-USD,23857.93
2022-08-15T00:00:00Z,BTC-USD,24097.82
2022-08-14T00:00:00Z,BTC-USD,24316.71
2022-08-13T00:00:00Z,BTC-USD,24456.49
2022-08-12T00:00:00Z,BTC-USD,24415.18
2022-08-11T00:00:00Z,BTC-USD,23944.86
2022-08-10T00:00:00Z,BTC-USD,23962.18
2022-08-09T00:00:00Z,BTC-USD,23158.27
2022-08-08T00:00:00Z,BTC-USD,23815.65
2022-08-07T00:00:00Z,BTC-USD,23177.39
2022-08-06T00:00:00Z,BTC-USD,22960.93
2022-08-05T00:00:00Z,BTC-USD,23320.81
2022-08-04T00:00:00Z,BTC-USD,22623.94
2022-08-03T00:00:00Z,BTC-USD,22825
2022-08-02T00:00:00Z,BTC-USD,22989.4
2022-08-01T00:00:00Z,BTC-USD,23273.86
2022-07-31T00:00:00Z,BTC-USD,23307.44
2022-07-30T00:00:00Z,BTC-USD,23650.13
2022-07-29T00:00:00Z,BTC-USD,23784.5
2022-07-28T00:00:00Z,BTC-USD,23851.7
2022-07-27T00:00:00Z,BTC-USD,22962.59
2022-07-26T00:00:00Z,BTC-USD,21261.57
2022-07-25T00:00:00Z,BTC-USD,21313.41
2022-07-24T00:00:00Z,BTC-USD,22583.43
2022-07-23T00:00:00Z,BTC-USD,22450.69
2022-07-22T00:00:00Z,BTC-USD,22687.68
2022-07-21T00:00:00Z,BTC-USD,23153.96
2022-07-20T00:00:00Z,BTC-USD,23226.99
2022-07-19T00:00:00Z,BTC-USD,23395.06
2022-07-18T00:00:00Z,BTC-USD,22427.56
2022-07-17T00:00:00Z,BTC-USD,20791.74
2022-07-16T00:00:00Z,BTC-USD,21189.68
2022-07-15T00:00:00Z,BTC-USD,20827.55
2022-07-14T00:00:00Z,BTC-USD,20577.02
2022-07-13T00:00:00Z,BTC-USD,20220.23
2022-07-12T00:00:00Z,BTC-USD,19303.65
2022-07-11T00:00:00Z,BTC-USD,19942.43
2022-07-10T00:00:00Z,BTC-USD,20850.65
2022-07-09T00:00:00Z,BTC-USD,21583.99
2022-07-08T00:00:00Z,BTC-USD,21582.2
2022-07-07T00:00:00Z,BTC-USD,21614.6
2022-07-06T00:00:00Z,BTC-USD,20542.67
2022-07-05T00:00:00Z,BTC-USD,20153.51
2022-07-04T00:00:00Z,BTC-USD,20211.35
2022-07-03T00:00:00Z,BTC-USD,19291.33
2022-07-02T00:00:00Z,BTC-USD,19224.03
2022-07-01T00:00:00Z,BTC-USD,19252.76
2022-06-30T00:00:00Z,BTC-USD,19985.62
2022-06-29T00:00:00Z,BTC-USD,20094.79
2022-06-28T00:00:00Z,BTC-USD,20252.89
2022-06-27T00:00:00Z,BTC-USD,20725.17
2022-06-26T00:00:00Z,BTC-USD,21027.92
2022-06-25T00:00:00Z,BTC-USD,21478.04
2022-06-24T00:00:00Z,BTC-USD,21223.72
2022-06-23T00:00:00Z,BTC-USD,21104.45
2022-06-22T00:00:00Z,BTC-USD,19968.46
2022-06-21T00:00:00Z,BTC-USD,20696.96
2022-06-20T00:00:00Z,BTC-USD,20549.75
2022-06-19T00:00:00Z,BTC-USD,20552.44
2022-06-18T00:00:00Z,BTC-USD,18948.89
2022-06-17T00:00:00Z,BTC-USD,20447.86
2022-06-16T00:00:00Z,BTC-USD,20372
2022-06-15T00:00:00Z,BTC-USD,22562.33
2022-06-14T00:00:00Z,BTC-USD,22120.25
2022-06-13T00:00:00Z,BTC-USD,22460.97
2022-06-12T00:00:00Z,BTC-USD,26555.2
2022-06-11T00:00:00Z,BTC-USD,28388.63
2022-06-10T00:00:00Z,BTC-USD,29063.11
2022-06-09T00:00:00Z,BTC-USD,30079.62
2022-06-08T00:00:00Z,BTC-USD,30177
2022-06-07T00:00:00Z,BTC-USD,31106.9
2022-06-06T00:00:00Z,BTC-USD,31343.61
2022-06-05T00:00:00Z,BTC-USD,29901.54
2022-06-04T00:00:00Z,BTC-USD,29843.18
2022-06-03T00:00:00Z,BTC-USD,29670.85
2022-06-02T00:00:00Z,BTC-USD,30433.75
2022-06-01T00:00:00Z,BTC-USD,29788.79
2022-05-31T00:00:00Z,BTC-USD,31784.05
2022-05-30T00:00:00Z,BTC-USD,31711.42
2022-05-29T00:00:00Z,BTC-USD,29447.07
2022-05-28T00:00:00Z,BTC-USD,29008.99
2022-05-27T00:00:00Z,BTC-USD,28598.31
2022-05-26T00:00:00Z,BTC-USD,29166.06
2022-05-25T00:00:00Z,BTC-USD,29503.49
2022-05-24T00:00:00Z,BTC-USD,29626.44
2022-05-23T00:00:00Z,BTC-USD,29082.52
2022-05-22T00:00:00Z,BTC-USD,30260.87
2022-05-21T00:00:00Z,BTC-USD,29408.26
2022-05-20T00:00:00Z,BTC-USD,29155.75
2022-05-19T00:00:00Z,BTC-USD,30274.59
2022-05-18T00:00:00Z,BTC-USD,28672.94
2022-05-17T00:00:00Z,BTC-USD,30412.12
2022-05-16T00:00:00Z,BTC-USD,29839.89
2022-05-15T00:00:00Z,BTC-USD,31290.05
2022-05-14T00:00:00Z,BTC-USD,30041.88
2022-05-13T00:00:00Z,BTC-USD,29232.18
2022-05-12T00:00:00Z,BTC-USD,28941.95
2022-05-11T00:00:00Z,BTC-USD,28972.34
2022-05-10T00:00:00Z,BTC-USD,31002.39
2022-05-09T00:00:00Z,BTC-USD,30078.27
2022-05-08T00:00:00Z,BTC-USD,34027.91
2022-05-07T00:00:00Z,BTC-USD,35458
2022-05-06T00:00:00Z,BTC-USD,35999.1
2022-05-05T00:00:00Z,BTC-USD,36537.22
2022-05-04T00:00:00Z,BTC-USD,39669.56
2022-05-03T00:00:00Z,BTC-USD,37719.59
2022-05-02T00:00:00Z,BTC-USD,38510.89
2022-05-01T00:00:00Z,BTC-USD,38473.05
2022-04-30T00:00:00Z,BTC-USD,37644.1
2022-04-29T00:00:00Z,BTC-USD,38593.1
2022-04-28T00:00:00Z,BTC-USD,39743.22
2022-04-27T00:00:00Z,BTC-USD,39251.11
2022-04-26T00:00:00Z,BTC-USD,38113.82
2022-04-25T00:00:00Z,BTC-USD,40439.22
2022-04-24T00:00:00Z,BTC-USD,39464.56
2022-04-23T00:00:00Z,BTC-USD,39465.87
2022-04-22T00:00:00Z,BTC-USD,39712.25
2022-04-21T00:00:00Z,BTC-USD,40480.81
2022-04-20T00:00:00Z,BTC-USD,41377.61
2022-04-19T00:00:00Z,BTC-USD,41503.85
2022-04-18T00:00:00Z,BTC-USD,40803.58
2022-04-17T00:00:00Z,BTC-USD,39683.54
2022-04-16T00:00:00Z,BTC-USD,40387.6
2022-04-15T00:00:00Z,BTC-USD,40554.58
2022-04-14T00:00:00Z,BTC-USD,39954.08
2022-04-13T00:00:00Z,BTC-USD,41146.68
2022-04-12T00:00:00Z,BTC-USD,40086.23
2022-04-11T00:00:00Z,BTC-USD,39535.87
2022-04-10T00:00:00Z,BTC-USD,42165.96
2022-04-09T00:00:00Z,BTC-USD,42766.93
2022-04-08T00:00:00Z,BTC-USD,42262.02
2022-04-07T00:00:00Z,BTC-USD,43452.18
2022-04-06T00:00:00Z,BTC-USD,43166.7
2022-04-05T00:00:00Z,BTC-USD,45506.5
2022-04-04T00:00:00Z,BTC-USD,46596.83
2022-04-03T00:00:00Z,BTC-USD,46422.16
2022-04-02T00:00:00Z,BTC-USD,45826.27
2022-04-01T00:00:00Z,BTC-USD,46296.34
2022-03-31T00:00:00Z,BTC-USD,45528.45
2022-03-30T00:00:00Z,BTC-USD,47078.03
2022-03-29T00:00:00Z,BTC-USD,47454.19
2022-03-28T00:00:00Z,BTC-USD,47144.92
2022-03-27T00:00:00Z,BTC-USD,46850.01
2022-03-26T00:00:00Z,BTC-USD,44539.42
2022-03-25T00:00:00Z,BTC-USD,44331.85
2022-03-24T00:00:00Z,BTC-USD,44012.29
2022-03-23T00:00:00Z,BTC-USD,42899.71
2022-03-22T00:00:00Z,BTC-USD,42378.26
2022-03-21T00:00:00Z,BTC-USD,41017.71
2022-03-20T00:00:00Z,BTC-USD,41287.24
2022-03-19T00:00:00Z,BTC-USD,42232.26
2022-03-18T00:00:00Z,BTC-USD,41774.98
2022-03-17T00:00:00Z,BTC-USD,40950.33
2022-03-16T00:00:00Z,BTC-USD,41127.97
2022-03-15T00:00:00Z,BTC-USD,39298.1
2022-03-14T00:00:00Z,BTC-USD,39674.17
2022-03-13T00:00:00Z,BTC-USD,37793.01
2022-03-12T00:00:00Z,BTC-USD,38813.02
2022-03-11T00:00:00Z,BTC-USD,38732.04
2022-03-10T00:00:00Z,BTC-USD,39433.71
2022-03-09T00:00:00Z,BTC-USD,41953.97
2022-03-08T00:00:00Z,BTC-USD,38749.38
2022-03-07T00:00:00Z,BTC-USD,37994
2022-03-06T00:00:00Z,BTC-USD,38408.38
2022-03-05T00:00:00Z,BTC-USD,39402.43
2022-03-04T00:00:00Z,BTC-USD,39166.51
2022-03-03T00:00:00Z,BTC-USD,42464.41
2022-03-02T00:00:00Z,BTC-USD,43912.34
2022-03-01T00:00:00Z,BTC-USD,44439.95
2022-02-28T00:00:00Z,BTC-USD,43192.66
2022-02-27T00:00:00Z,BTC-USD,37717.08
2022-02-26T00:00:00Z,BTC-USD,39137.8
2022-02-25T00:00:00Z,BTC-USD,39238.48
2022-02-24T00:00:00Z,BTC-USD,38347.3
2022-02-23T00:00:00Z,BTC-USD,37268.19
2022-02-22T00:00:00Z,BTC-USD,38251.48
2022-02-21T00:00:00Z,BTC-USD,37023
2022-02-20T00:00:00Z,BTC-USD,38389.03
2022-02-19T00:00:00Z,BTC-USD,40101.94
2022-02-18T00:00:00Z,BTC-USD,39983.56
2022-02-17T00:00:00Z,BTC-USD,40536.73
2022-02-16T00:00:00Z,BTC-USD,43895.56
2022-02-15T00:00:00Z,BTC-USD,44583.52
2022-02-14T00:00:00Z,BTC-USD,42548.71
2022-02-13T00:00:00Z,BTC-USD,42074.99
2022-02-12T00:00:00Z,BTC-USD,42244.97
2022-02-11T00:00:00Z,BTC-USD,42386.47
2022-02-10T00:00:00Z,BTC-USD,43527.71
2022-02-09T00:00:00Z,BTC-USD,44416.35
2022-02-08T00:00:00Z,BTC-USD,44085.59
2022-02-07T00:00:00Z,BTC-USD,43868.07
2022-02-06T00:00:00Z,BTC-USD,42415.16
2022-02-05T00:00:00Z,BTC-USD,41404.85
2022-02-04T00:00:00Z,BTC-USD,41614.64
2022-02-03T00:00:00Z,BTC-USD,37329.91
2022-02-02T00:00:00Z,BTC-USD,36923.39
2022-02-01T00:00:00Z,BTC-USD,38716.88
2022-01-31T00:00:00Z,BTC-USD,38491.93
2022-01-30T00:00:00Z,BTC-USD,37901.35
2022-01-29T00:00:00Z,BTC-USD,38191.1
2022-01-28T00:00:00Z,BTC-USD,37741.9
2022-01-27T00:00:00Z,BTC-USD,37188.37
2022-01-26T00:00:00Z,BTC-USD,36840.63
2022-01-25T00:00:00Z,BTC-USD,36980
2022-01-24T00:00:00Z,BTC-USD,36693.32
2022-01-23T00:00:00Z,BTC-USD,36282.47
2022-01-22T00:00:00Z,BTC-USD,35066.43
2022-01-21T00:00:00Z,BTC-USD,36456.94
2022-01-20T00:00:00Z,BTC-USD,40670.97
2022-01-19T00:00:00Z,BTC-USD,41674.27
2022-01-18T00:00:00Z,BTC-USD,42369.74
2022-01-17T00:00:00Z,BTC-USD,42218.01
2022-01-16T00:00:00Z,BTC-USD,43104.34
2022-01-15T00:00:00Z,BTC-USD,43098.2
2022-01-14T00:00:00Z,BTC-USD,43090.72
2022-01-13T00:00:00Z,BTC-USD,42581.65
2022-01-12T00:00:00Z,BTC-USD,43920.37
2022-01-11T00:00:00Z,BTC-USD,42753.44
2022-01-10T00:00:00Z,BTC-USD,41824.07
2022-01-09T00:00:00Z,BTC-USD,41876.52
2022-01-08T00:00:00Z,BTC-USD,41684.84
2022-01-07T00:00:00Z,BTC-USD,41565.18
2022-01-06T00:00:00Z,BTC-USD,43083.76
2022-01-05T00:00:00Z,BTC-USD,43436.04
2022-01-04T00:00:00Z,BTC-USD,45814.61
2022-01-03T00:00:00Z,BTC-USD,46459.56
2022-01-02T00:00:00Z,BTC-USD,47299.07
2022-01-01T00:00:00Z,BTC-USD,47733.43
2021-12-31T00:00:00Z,BTC-USD,46211.24
2021-12-30T00:00:00Z,BTC-USD,47122.08
2021-12-29T00:00:00Z,BTC-USD,46471.24
2021-12-28T00:00:00Z,BTC-USD,47543.09
2021-12-27T00:00:00Z,BTC-USD,50717.77
2021-12-26T00:00:00Z,BTC-USD,50801.79
2021-12-25T00:00:00Z,BTC-USD,50428.31
2021-12-24T00:00:00Z,BTC-USD,50851.38
2021-12-23T00:00:00Z,BTC-USD,50842.2
2021-12-22T00:00:00Z,BTC-USD,48608.62
2021-12-21T00:00:00Z,BTC-USD,48914.7
2021-12-20T00:00:00Z,BTC-USD,46926.07
2021-12-19T00:00:00Z,BTC-USD,46687.19
2021-12-18T00:00:00Z,BTC-USD,46859.46
2021-12-17T00:00:00Z,BTC-USD,46166.5
2021-12-16T00:00:00Z,BTC-USD,47634.22
2021-12-15T00:00:00Z,BTC-USD,48884.78
2021-12-14T00:00:00Z,BTC-USD,48367.43
2021-12-13T00:00:00Z,BTC-USD,46727.89
2021-12-12T00:00:00Z,BTC-USD,50089.64
2021-12-11T00:00:00Z,BTC-USD,49407.75
2021-12-10T00:00:00Z,BTC-USD,47170.94
2021-12-09T00:00:00Z,BTC-USD,47568.43
2021-12-08T00:00:00Z,BTC-USD,50519.68
2021-12-07T00:00:00Z,BTC-USD,50625.48
2021-12-06T00:00:00Z,BTC-USD,50529.56
2021-12-05T00:00:00Z,BTC-USD,49484.22
2021-12-04T00:00:00Z,BTC-USD,49241.12
2021-12-03T00:00:00Z,BTC-USD,53638.04
2021-12-02T00:00:00Z,BTC-USD,56521.46
2021-12-01T00:00:00Z,BTC-USD,57226.5
2021-11-30T00:00:00Z,BTC-USD,56987.97
2021-11-29T00:00:00Z,BTC-USD,57838.06
2021-11-28T00:00:00Z,BTC-USD,57317.17
2021-11-27T00:00:00Z,BTC-USD,54759.05
2021-11-26T00:00:00Z,BTC-USD,53757.67
2021-11-25T00:00:00Z,BTC-USD,58987.27
2021-11-24T00:00:00Z,BTC-USD,57162.66
2021-11-23T00:00:00Z,BTC-USD,57566.85
2021-11-22T00:00:00Z,BTC-USD,56280.81
2021-11-21T00:00:00Z,BTC-USD,58671.21
2021-11-20T00:00:00Z,BTC-USD,59760.76
2021-11-19T00:00:00Z,BTC-USD,58122.16
2021-11-18T00:00:00Z,BTC-USD,56898
2021-11-17T00:00:00Z,BTC-USD,60351.51
2021-11-16T00:00:00Z,BTC-USD,60107.98
2021-11-15T00:00:00Z,BTC-USD,63624.59
2021-11-14T00:00:00Z,BTC-USD,65505.02
2021-11-13T00:00:00Z,BTC-USD,64400.01
2021-11-12T00:00:00Z,BTC-USD,64147.9
2021-11-11T00:00:00Z,BTC-USD,64807.59
2021-11-10T00:00:00Z,BTC-USD,64912.2
2021-11-09T00:00:00Z,BTC-USD,66944.66
2021-11-08T00:00:00Z,BTC-USD,67554.84
2021-11-07T00:00:00Z,BTC-USD,63309.13
2021-11-06T00:00:00Z,BTC-USD,61539.31
2021-11-05T00:00:00Z,BTC-USD,61006.15
2021-11-04T00:00:00Z,BTC-USD,61444.5
2021-11-03T00:00:00Z,BTC-USD,62935.41
2021-11-02T00:00:00Z,BTC-USD,63266.51
2021-11-01T00:00:00Z,BTC-USD,60949.54
2021-10-31T00:00:00Z,BTC-USD,61343.68
2021-10-30T00:00:00Z,BTC-USD,61892.41
2021-10-29T00:00:00Z,BTC-USD,62276.72
2021-10-28T00:00:00Z,BTC-USD,60591.65
2021-10-27T00:00:00Z,BTC-USD,58455.47
2021-10-26T00:00:00Z,BTC-USD,60337.62
2021-10-25T00:00:00Z,BTC-USD,63083.54
2021-10-24T00:00:00Z,BTC-USD,60854.48
2021-10-23T00:00:00Z,BTC-USD,61300.01
2021-10-22T00:00:00Z,BTC-USD,60687.64
2021-10-21T00:00:00Z,BTC-USD,62204.02
2021-10-20T00:00:00Z,BTC-USD,66026.54
2021-10-19T00:00:00Z,BTC-USD,64303.14
2021-10-18T00:00:00Z,BTC-USD,62042.41
2021-10-17T00:00:00Z,BTC-USD,61527.11
2021-10-16T00:00:00Z,BTC-USD,60877.42
2021-10-15T00:00:00Z,BTC-USD,61695.39
2021-10-14T00:00:00Z,BTC-USD,57359.51
2021-10-13T00:00:00Z,BTC-USD,57367.32
2021-10-12T00:00:00Z,BTC-USD,56005.1
2021-10-11T00:00:00Z,BTC-USD,57487.44
2021-10-10T00:00:00Z,BTC-USD,54690.53
2021-10-09T00:00:00Z,BTC-USD,54962.29
2021-10-08T00:00:00Z,BTC-USD,53963.82
2021-10-07T00:00:00Z,BTC-USD,53797.82
2021-10-06T00:00:00Z,BTC-USD,55339.48
2021-10-05T00:00:00Z,BTC-USD,51493.99
2021-10-04T00:00:00Z,BTC-USD,49245.54
2021-10-03T00:00:00Z,BTC-USD,48233.99
2021-10-02T00:00:00Z,BTC-USD,47657.69
2021-10-01T00:00:00Z,BTC-USD,48165.76
2021-09-30T00:00:00Z,BTC-USD,43824.43
2021-09-29T00:00:00Z,BTC-USD,41522.16
2021-09-28T00:00:00Z,BTC-USD,41026.07
2021-09-27T00:00:00Z,BTC-USD,42171.76
2021-09-26T00:00:00Z,BTC-USD,43178.02
2021-09-25T00:00:00Z,BTC-USD,42705.51
2021-09-24T00:00:00Z,BTC-USD,42848.92
2021-09-23T00:00:00Z,BTC-USD,44897.59
2021-09-22T00:00:00Z,BTC-USD,43575.1
2021-09-21T00:00:00Z,BTC-USD,40719.6
2021-09-20T00:00:00Z,BTC-USD,43012.97
2021-09-19T00:00:00Z,BTC-USD,47255.92
2021-09-18T00:00:00Z,BTC-USD,48314.56
2021-09-17T00:00:00Z,BTC-USD,47303.5
2021-09-16T00:00:00Z,BTC-USD,47753.16
2021-09-15T00:00:00Z,BTC-USD,48148.12
2021-09-14T00:00:00Z,BTC-USD,47127.22
2021-09-13T00:00:00Z,BTC-USD,44947.72
2021-09-12T00:00:00Z,BTC-USD,46024.23
2021-09-11T00:00:00Z,BTC-USD,45171.83
2021-09-10T00:00:00Z,BTC-USD,44851.45
2021-09-09T00:00:00Z,BTC-USD,46400
2021-09-08T00:00:00Z,BTC-USD,46060.36
2021-09-07T00:00:00Z,BTC-USD,46894.5
2021-09-06T00:00:00Z,BTC-USD,52698.81
2021-09-05T00:00:00Z,BTC-USD,51789.17
2021-09-04T00:00:00Z,BTC-USD,49942.98
2021-09-03T00:00:00Z,BTC-USD,50025
2021-09-02T00:00:00Z,BTC-USD,49279.37
2021-09-01T00:00:00Z,BTC-USD,48839.86
2021-08-31T00:00:00Z,BTC-USD,47112.5
2021-08-30T00:00:00Z,BTC-USD,46993.71
2021-08-29T00:00:00Z,BTC-USD,48802.58
2021-08-28T00:00:00Z,BTC-USD,48942.94
2021-08-27T00:00:00Z,BTC-USD,49077.57
2021-08-26T00:00:00Z,BTC-USD,46851.47
2021-08-25T00:00:00Z,BTC-USD,48987.33
2021-08-24T00:00:00Z,BTC-USD,47682.45
2021-08-23T00:00:00Z,BTC-USD,49506.5
2021-08-22T00:00:00Z,BTC-USD,49284.63
2021-08-21T00:00:00Z,BTC-USD,48867.02
2021-08-20T00:00:00Z,BTC-USD,49342.4
2021-08-19T00:00:00Z,BTC-USD,46765.87
2021-08-18T00:00:00Z,BTC-USD,44707.98
2021-08-17T00:00:00Z,BTC-USD,44671.58
2021-08-16T00:00:00Z,BTC-USD,45902.46
2021-08-15T00:00:00Z,BTC-USD,47014.49
2021-08-14T00:00:00Z,BTC-USD,47109.65
2021-08-13T00:00:00Z,BTC-USD,47833.64
2021-08-12T00:00:00Z,BTC-USD,44422.14
2021-08-11T00:00:00Z,BTC-USD,45553.49
2021-08-10T00:00:00Z,BTC-USD,45595.66
2021-08-09T00:00:00Z,BTC-USD,46285.48
2021-08-08T00:00:00Z,BTC-USD,43829.14
2021-08-07T00:00:00Z,BTC-USD,44637.34
2021-08-06T00:00:00Z,BTC-USD,42869.58
2021-08-05T00:00:00Z,BTC-USD,40888.74
2021-08-04T00:00:00Z,BTC-USD,39722.41
2021-08-03T00:00:00Z,BTC-USD,38191.44
2021-08-02T00:00:00Z,BTC-USD,39149.59
2021-08-01T00:00:00Z,BTC-USD,39865.41
2021-07-31T00:00:00Z,BTC-USD,41495.01
2021-07-30T00:00:00Z,BTC-USD,42237.95
2021-07-29T00:00:00Z,BTC-USD,40039.44
2021-07-28T00:00:00Z,BTC-USD,40035.1
2021-07-27T00:00:00Z,BTC-USD,39470.48
2021-07-26T00:00:00Z,BTC-USD,37262.77
2021-07-25T00:00:00Z,BTC-USD,35428.26
2021-07-24T00:00:00Z,BTC-USD,34283.01
2021-07-23T00:00:00Z,BTC-USD,33647.26
2021-07-22T00:00:00Z,BTC-USD,32287.74
2021-07-21T00:00:00Z,BTC-USD,32135.19
2021-07-20T00:00:00Z,BTC-USD,29796.16
2021-07-19T00:00:00Z,BTC-USD,30842.03
2021-07-18T00:00:00Z,BTC-USD,31788.25
2021-07-17T00:00:00Z,BTC-USD,31533.91
2021-07-16T00:00:00Z,BTC-USD,31388.06
2021-07-15T00:00:00Z,BTC-USD,31868.68
2021-07-14T00:00:00Z,BTC-USD,32816.39
2021-07-13T00:00:00Z,BTC-USD,32734.14
2021-07-12T00:00:00Z,BTC-USD,33091.1
2021-07-11T00:00:00Z,BTC-USD,34259.23
2021-07-10T00:00:00Z,BTC-USD,33515.35
2021-07-09T00:00:00Z,BTC-USD,33824.26
2021-07-08T00:00:00Z,BTC-USD,32875.95
2021-07-07T00:00:00Z,BTC-USD,33878.56
2021-07-06T00:00:00Z,BTC-USD,34225.73
2021-07-05T00:00:00Z,BTC-USD,33697.78
2021-07-04T00:00:00Z,BTC-USD,35284.05
2021-07-03T00:00:00Z,BTC-USD,34682.16
2021-07-02T00:00:00Z,BTC-USD,33805.02
2021-07-01T00:00:00Z,BTC-USD,33516.11
2021-06-30T00:00:00Z,BTC-USD,35060
2021-06-29T00:00:00Z,BTC-USD,35904.28
2021-06-28T00:00:00Z,BTC-USD,34493.22
2021-06-27T00:00:00Z,BTC-USD,34709.23
2021-06-26T00:00:00Z,BTC-USD,32275.19
2021-06-25T00:00:00Z,BTC-USD,31594.63
2021-06-24T00:00:00Z,BTC-USD,34654.58
2021-06-23T00:00:00Z,BTC-USD,33688.35
2021-06-22T00:00:00Z,BTC-USD,32538.37
2021-06-21T00:00:00Z,BTC-USD,31609.82
2021-06-20T00:00:00Z,BTC-USD,35585.78
2021-06-19T00:00:00Z,BTC-USD,35484.79
2021-06-18T00:00:00Z,BTC-USD,35841.81
2021-06-17T00:00:00Z,BTC-USD,38095.17
2021-06-16T00:00:00Z,BTC-USD,38351
2021-06-15T00:00:00Z,BTC-USD,40162.37
2021-06-14T00:00:00Z,BTC-USD,40539.47
2021-06-13T00:00:00Z,BTC-USD,39015.24
2021-06-12T00:00:00Z,BTC-USD,35557.33
2021-06-11T00:00:00Z,BTC-USD,37338.44
2021-06-10T00:00:00Z,BTC-USD,36694.05
2021-06-09T00:00:00Z,BTC-USD,37403.86
2021-06-08T00:00:00Z,BTC-USD,33402.13
2021-06-07T00:00:00Z,BTC-USD,33575.91
2021-06-06T00:00:00Z,BTC-USD,35800.48
2021-06-05T00:00:00Z,BTC-USD,35539.49
2021-06-04T00:00:00Z,BTC-USD,36856.52
2021-06-03T00:00:00Z,BTC-USD,39248.55
2021-06-02T00:00:00Z,BTC-USD,37577.91
2021-06-01T00:00:00Z,BTC-USD,36685
2021-05-31T00:00:00Z,BTC-USD,37279.31
2021-05-30T00:00:00Z,BTC-USD,35669.44
2021-05-29T00:00:00Z,BTC-USD,34627.82
2021-05-28T00:00:00Z,BTC-USD,35680.47
2021-05-27T00:00:00Z,BTC-USD,38556.88
2021-05-26T00:00:00Z,BTC-USD,39293.23
2021-05-25T00:00:00Z,BTC-USD,38361.81
2021-05-24T00:00:00Z,BTC-USD,38878.56
2021-05-23T00:00:00Z,BTC-USD,34758.67
2021-05-22T00:00:00Z,BTC-USD,37476.83
2021-05-21T00:00:00Z,BTC-USD,37340.77
2021-05-20T00:00:00Z,BTC-USD,40623.33
2021-05-19T00:00:00Z,BTC-USD,36731.75
2021-05-18T00:00:00Z,BTC-USD,42857.15
2021-05-17T00:00:00Z,BTC-USD,43580.5
2021-05-16T00:00:00Z,BTC-USD,46450.79
2021-05-15T00:00:00Z,BTC-USD,46775.51
2021-05-14T00:00:00Z,BTC-USD,49893.48
2021-05-13T00:00:00Z,BTC-USD,49690.11
2021-05-12T00:00:00Z,BTC-USD,49498.77
2021-05-11T00:00:00Z,BTC-USD,56753.19
2021-05-10T00:00:00Z,BTC-USD,55866.41
2021-05-09T00:00:00Z,BTC-USD,58312.57
2021-05-08T00:00:00Z,BTC-USD,58958.05
2021-05-07T00:00:00Z,BTC-USD,57380.39
2021-05-06T00:00:00Z,BTC-USD,56440.66
2021-05-05T00:00:00Z,BTC-USD,57515.69
2021-05-04T00:00:00Z,BTC-USD,53241.92
2021-05-03T00:00:00Z,BTC-USD,57212.73
2021-05-02T00:00:00Z,BTC-USD,56625.2
2021-05-01T00:00:00Z,BTC-USD,57859.28
2021-04-30T00:00:00Z,BTC-USD,57798.77
2021-04-29T00:00:00Z,BTC-USD,53580
2021-04-28T00:00:00Z,BTC-USD,54894.03
2021-04-27T00:00:00Z,BTC-USD,55069.62
2021-04-26T00:00:00Z,BTC-USD,54053.6
2021-04-25T00:00:00Z,BTC-USD,49121
2021-04-24T00:00:00Z,BTC-USD,50089.15
2021-04-23T00:00:00Z,BTC-USD,51187.27
2021-04-22T00:00:00Z,BTC-USD,51701.59
2021-04-21T00:00:00Z,BTC-USD,53800.86
2021-04-20T00:00:00Z,BTC-USD,56499.29
2021-04-19T00:00:00Z,BTC-USD,55696.83
2021-04-18T00:00:00Z,BTC-USD,56274.41
2021-04-17T00:00:00Z,BTC-USD,60058.86
2021-04-16T00:00:00Z,BTC-USD,61427.27
2021-04-15T00:00:00Z,BTC-USD,63229.04
2021-04-14T00:00:00Z,BTC-USD,62971.8
2021-04-13T00:00:00Z,BTC-USD,63588.22
2021-04-12T00:00:00Z,BTC-USD,59839.82
2021-04-11T00:00:00Z,BTC-USD,59985.26
2021-04-10T00:00:00Z,BTC-USD,59778.6
2021-04-09T00:00:00Z,BTC-USD,58092.68
2021-04-08T00:00:00Z,BTC-USD,58083.1
2021-04-07T00:00:00Z,BTC-USD,55955.75
2021-04-06T00:00:00Z,BTC-USD,58019.98
2021-04-05T00:00:00Z,BTC-USD,59123.02
2021-04-04T00:00:00Z,BTC-USD,58215.94
2021-04-03T00:00:00Z,BTC-USD,57094.34
2021-04-02T00:00:00Z,BTC-USD,58981.04
2021-04-01T00:00:00Z,BTC-USD,58726.48
2021-03-31T00:00:00Z,BTC-USD,58800
2021-03-30T00:00:00Z,BTC-USD,58786.46
2021-03-29T00:00:00Z,BTC-USD,57613.48
2021-03-28T00:00:00Z,BTC-USD,55778.82
2021-03-27T00:00:00Z,BTC-USD,55856.53
2021-03-26T00:00:00Z,BTC-USD,55072.44
2021-03-25T00:00:00Z,BTC-USD,51325.01
2021-03-24T00:00:00Z,BTC-USD,52276.16
2021-03-23T00:00:00Z,BTC-USD,54345.54
2021-03-22T00:00:00Z,BTC-USD,54110.07
2021-03-21T00:00:00Z,BTC-USD,57363.32
2021-03-20T00:00:00Z,BTC-USD,58116.7
2021-03-19T00:00:00Z,BTC-USD,58039.66
2021-03-18T00:00:00Z,BTC-USD,57644.95
2021-03-17T00:00:00Z,BTC-USD,58925.54
2021-03-16T00:00:00Z,BTC-USD,56927.11
2021-03-15T00:00:00Z,BTC-USD,55636.15
2021-03-14T00:00:00Z,BTC-USD,58972.7
2021-03-13T00:00:00Z,BTC-USD,61178.5
2021-03-12T00:00:00Z,BTC-USD,57225.91
2021-03-11T00:00:00Z,BTC-USD,57815.47
2021-03-10T00:00:00Z,BTC-USD,55890.69
2021-03-09T00:00:00Z,BTC-USD,54916.38
2021-03-08T00:00:00Z,BTC-USD,52415.23
2021-03-07T00:00:00Z,BTC-USD,50978.61
2021-03-06T00:00:00Z,BTC-USD,48909.84
2021-03-05T00:00:00Z,BTC-USD,48769.47
2021-03-04T00:00:00Z,BTC-USD,48368.52
2021-03-03T00:00:00Z,BTC-USD,50360
2021-03-02T00:00:00Z,BTC-USD,48511.6
2021-03-01T00:00:00Z,BTC-USD,49639.4
2021-02-28T00:00:00Z,BTC-USD,45231.75
2021-02-27T00:00:00Z,BTC-USD,46180.75
2021-02-26T00:00:00Z,BTC-USD,46326.2
2021-02-25T00:00:00Z,BTC-USD,47058.48
2021-02-24T00:00:00Z,BTC-USD,49737.82
2021-02-23T00:00:00Z,BTC-USD,48899.99
2021-02-22T00:00:00Z,BTC-USD,54142.13
2021-02-21T00:00:00Z,BTC-USD,57489.16
2021-02-20T00:00:00Z,BTC-USD,55923.52
2021-02-19T00:00:00Z,BTC-USD,55983.56
2021-02-18T00:00:00Z,BTC-USD,51601.73
2021-02-17T00:00:00Z,BTC-USD,52170.01
2021-02-16T00:00:00Z,BTC-USD,49158.71
2021-02-15T00:00:00Z,BTC-USD,47936.37
2021-02-14T00:00:00Z,BTC-USD,48680.69
2021-02-13T00:00:00Z,BTC-USD,47232.45
2021-02-12T00:00:00Z,BTC-USD,47408.34
2021-02-11T00:00:00Z,BTC-USD,47997.91
2021-02-10T00:00:00Z,BTC-USD,44850
2021-02-09T00:00:00Z,BTC-USD,46514.73
2021-02-08T00:00:00Z,BTC-USD,46448.1
2021-02-07T00:00:00Z,BTC-USD,38871.42
2021-02-06T00:00:00Z,BTC-USD,39265.43
2021-02-05T00:00:00Z,BTC-USD,38311.49
2021-02-04T00:00:00Z,BTC-USD,36975
2021-02-03T00:00:00Z,BTC-USD,37678.37
2021-02-02T00:00:00Z,BTC-USD,35512.67
2021-02-01T00:00:00Z,BTC-USD,33533.19
2021-01-31T00:00:00Z,BTC-USD,33137.74
2021-01-30T00:00:00Z,BTC-USD,34315.63
2021-01-29T00:00:00Z,BTC-USD,34262.11
2021-01-28T00:00:00Z,BTC-USD,33488.99
2021-01-27T00:00:00Z,BTC-USD,30407.13
2021-01-26T00:00:00Z,BTC-USD,32510.82
2021-01-25T00:00:00Z,BTC-USD,32261.87
2021-01-24T00:00:00Z,BTC-USD,32288.56
2021-01-23T00:00:00Z,BTC-USD,32112.01
2021-01-22T00:00:00Z,BTC-USD,32984.93
2021-01-21T00:00:00Z,BTC-USD,30855.95
2021-01-20T00:00:00Z,BTC-USD,35503.09
2021-01-19T00:00:00Z,BTC-USD,35917.28
2021-01-18T00:00:00Z,BTC-USD,36624.23
2021-01-17T00:00:00Z,BTC-USD,35820
2021-01-16T00:00:00Z,BTC-USD,36006.94
2021-01-15T00:00:00Z,BTC-USD,36754.67
2021-01-14T00:00:00Z,BTC-USD,39125.14
2021-01-13T00:00:00Z,BTC-USD,37393.66
2021-01-12T00:00:00Z,BTC-USD,34038.98
2021-01-11T00:00:00Z,BTC-USD,35452.59
2021-01-10T00:00:00Z,BTC-USD,38171.57
2021-01-09T00:00:00Z,BTC-USD,40257.43
2021-01-08T00:00:00Z,BTC-USD,40665.15
2021-01-07T00:00:00Z,BTC-USD,39505.56
2021-01-06T00:00:00Z,BTC-USD,36859.26
2021-01-05T00:00:00Z,BTC-USD,34030.64
2021-01-04T00:00:00Z,BTC-USD,32019.99
2021-01-03T00:00:00Z,BTC-USD,33080.66
2021-01-02T00:00:00Z,BTC-USD,32225.91
2021-01-01T00:00:00Z,BTC-USD,29412.84
